id	text	created_at	rt_count	point_geom	hashtag	mentions	in_reply_to_id	in_reply_user_id	in_reply_user_screen_name	link	place_country	place_country_code	place_full_name	place_id	place_name	place_street_address	place_type	place_url	user_description	user_id	user_location	user_name	user_screen_name	translated	source	text_translated	text_translit	hashtag_translit	mentions_translit	in_reply_to_user_screen_name_translit	user_description_translit	user_location_translit	user_name_translit	user_screen_name_translit	lang_primary	lang_secondary	date_translated	geo_country	geo_cocom	sentiment	longitude	latitude
166970532489732096	“@BambiMonroeFan: BRITNEY SPEARS TO JUDGE ON THE X FACTOR USA! Follow @IvanFahy for more! Tweet #BritneyXFactor RT”	2012-02-07 19:44:11	0	0101000020E6100000B2D3D53E19304B40D3122BA3917F3840	#BritneyXFactor	@BambiMonroeFan @IvanFahy	0	0	None	None	None	None	None	None	None	None	None	None	Simple and Outgoing. Internet and Chatting. Movies, Music and Reading. Sensitive and very Funny. Cool and Friendly.	131143334	Abu Dhabi	Kim Fule	kimFULE	“@bambimonroefan: britney spears to judge on the x factor usa! follow @ivanfahy for more! tweet #britneyxfactor rt” #britneyxfactor @bambimonroefan @ivanfahy none kim fule none simple and outgoing. internet and chatting. movies, music and reading. sensitive and very funny. cool and friendly. kimfule	<a href="http://twitter.com/#!/download/iphone" rel="nofollow">Twitter for iPhone</a>	\N	\N	\N	\N	\N	\N	\N	\N	\N	\N	\N	\N	\N	\N	\N	54.37577043	24.498316
166967341425508352	@ABD_Abuosamah بطططططططططططل \nههههههههههههههههههه\nبداية الانهيار النقطي ان شاء الله	2012-02-07 19:31:30	0	0101000020E61000001ABEC791354B4740794C51EC70953840	None	@ABD_Abuosamah	0	0	None	None	None	None	None	None	None	None	None	None	هلالي مووووت... متابع للاسهم السعودية..	338704068	لايهم أين أكون المهم من أكون	I7n-e7sas	ALzaeem19	@abd_abuosamah بطططططططططططل ههههههههههههههههههه بداية الانهيار النقطي ان شاء الله none @abd_abuosamah none i7n-e7sas none هلالي مووووت... متابع للاسهم السعودية.. alzaeem19	<a href="http://twitter.com/#!/download/iphone" rel="nofollow">Twitter for iPhone</a>	\N	\N	\N	\N	\N	\N	\N	\N	\N	\N	\N	\N	\N	\N	\N	46.58757231	24.58375432
166965847494103040	@makkahregion لا سييما اننا مقبلين على  افتتاح المطار الجديد في جده في السنوات القريبه باذن الله	2012-02-07 19:25:34	0	0101000020E6100000722B4A2ACFA24340C30912FCEB793540	None	@makkahregion	166884652865421312	257774041	makkahregion	None	None	None	None	None	None	None	None	None		287830895		EMAD JOHAR	emadj911	@makkahregion لا سييما اننا مقبلين على افتتاح المطار الجديد في جده في السنوات القريبه باذن الله none @makkahregion none emad johar none emadj911	<a href="http://twitter.com/#!/download/iphone" rel="nofollow">Twitter for iPhone</a>	\N	\N	\N	\N	\N	\N	\N	\N	\N	\N	\N	\N	\N	\N	\N	39.27194718	21.47625709
166963961261068288	احب بلدي واكره الظلم فيه	2012-02-07 19:18:05	0	0101000020E6100000EA060ABC936B4740BE01A0690DCF3840	None	None	0	0	None	None	None	None	None	None	None	None	None	None	None	482022071	None	ماجد متعب	cap_maj	احب بلدي واكره الظلم فيه none none none ماجد متعب none none cap_maj	<a href="http://twitter.com/#!/download/iphone" rel="nofollow">Twitter for iPhone</a>	\N	\N	\N	\N	\N	\N	\N	\N	\N	\N	\N	\N	\N	\N	\N	46.840446	24.80879841
166915513744756738	@nisan_86 hava Nisan'cığım.. :)	2012-02-07 16:05:34	0	0101000020E61000001DB5FC9FC7AE4040D787F546AD984140	None	@nisan_86	0	0	None	None	None	None	None	None	None	None	None	None		479388451	Cyprus	Çağan Aykılıç	Cgnayklc	@nisan_86 hava nisan'cığım.. :) none @nisan_86 none Çağan aykılıç none cgnayklc	<a href="http://twitter.com/#!/download/iphone" rel="nofollow">Twitter for iPhone</a>	\N	\N	\N	\N	\N	\N	\N	\N	\N	\N	\N	\N	\N	\N	\N	33.36546707	35.192788
167347949666443264	نفسي سموحه , وقلبي غنآوي\n..... وآللي يروح يعوّض آلله بدآله	2012-02-08 20:43:55	0	0101000020E610000088FF6C923C594740CF6DDB5AD3193D40	None	None	0	0	None	None	None	None	None	None	None	None	None	None	None	407304215	None	يوسف  الظفيري	Yousef200z	نفسي سموحه , وقلبي غنآوي ..... وآللي يروح يعوّض آلله بدآله none none none يوسف الظفيري none none yousef200z	<a href="http://twitter.com/#!/download/iphone" rel="nofollow">Twitter for iPhone</a>	Breaths smwHh and my mold GnEEwy wEElly goes compensates Allele is bdEElh 	Breaths smwHh Turning my GnEEwy wEElly Goes Compensates Allele is bdEElh 	None	None	None	None	None	Yousef aalDHfyry	Yousef200z	Arabic	Farsi	2012-12-23	\N	\N	0	46.69716101	29.10088127
167003493452886016	@k_alshenaif البلطان وبن مساعد مسوينها بتصريحاتهم على التحكيم الين انظلمنا	2012-02-07 21:55:10	0	0101000020E61000005A773DE2A140444060AC6F60726F3540	None	@k_alshenaif	167001843766018049	164963639	k_alshenaif	None	None	None	None	None	None	None	None	None	عبدالكريم العامري ربما فخامة الاسم تكفي	372800712	الطائف عروس المصايف	عبدالكريم العامري	99_Aah	@k_alshenaif البلطان وبن مساعد مسوينها بتصريحاتهم على التحكيم الين انظلمنا none @k_alshenaif none عبدالكريم العامري none عبدالكريم العامري ربما فخامة الاسم تكفي 99_aah	<a href="http://twitter.com/download/android" rel="nofollow">Twitter for Android</a>	\N	\N	\N	\N	\N	\N	\N	\N	\N	\N	\N	\N	\N	\N	\N	40.5049403	21.435339
167347992007933952	@ilshamci لعنة الله على بشار	2012-02-08 20:44:05	0	0101000020E6100000CB53907E7FFD47403BA5E61F3B4C3D40	None	@ilshamci	167346782781714432	233464670	ilshamci	None	None	None	None	None	None	None	None	None	♔بسم الله، بسم الوطن، بسم الأمير♔        \n\nHistory Junkie | Eagles Fan | Rachel Berry Doppelgänger \n\nFounder of Velvet Treats™ http://velvet-treats.tumblr.com/	72327154	State of Kuwait	Lujain Al-Farhan♕	joojoof	@ilshamci لعنة الله على بشار none @ilshamci none lujain al-farhan♕ none ♔بسم الله، بسم الوطن، بسم الأمير♔ history junkie | eagles fan | rachel berry doppelgänger founder of velvet treats™ http://velvet-treats.tumblr.com/ joojoof	<a href="http://tapbots.com/tweetbot" rel="nofollow">Tweetbot for iOS</a>	ilshamci Curse of Allah on Bashar	ilshamci Curse Allah On Bashar	None	ilshamci	ilshamci	♔bsm Allah, To poison Al-Watan, To poison The prince♔ History Junkie Eagles Fan Rachel Berry Double Founder of Velvet Treats™ http velvet-treats tumblr with	State of Kuwait	Lujain Al-Farhan♕	joojoof	Arabic	English	2012-12-23	\N	\N	0	47.98045332	29.29777717
167347963671220225	@RTQ8Y\n\nعلمـــــــــــــ كبريائـــي ــــنـي\n\nكيف أدفن دموع عيني ولا تراها إلا وسادتي\nلتحتضنها وتدفنها في جوفها ..\n\n\n\nتصبحون ع خير\n\n	2012-02-08 20:43:58	0	0101000020E61000005535FFB72BD847409B5F28BBF4913D40	None	@RTQ8Y	0	0	None	None	None	None	None	None	None	None	None	None	جميل أن يكون لك قلباَ أنت صاحبه... ولكن الأجمل أن يكون لك صاحباَ أنت قلبه	378152174	None	ابــــــداع 	n2kwt	@rtq8y علمـــــــــــــ كبريائـــي ــــنـي كيف أدفن دموع عيني ولا تراها إلا وسادتي لتحتضنها وتدفنها في جوفها .. تصبحون ع خير  none @rtq8y none ابــــــداع none جميل أن يكون لك قلباَ أنت صاحبه... ولكن الأجمل أن يكون لك صاحباَ أنت قلبه n2kwt	<a href="http://twitter.com/#!/download/iphone" rel="nofollow">Twitter for iPhone</a>	RTQ8Y Arrogances knew me how tears of ocular bury followed sees her to cushions ltHtDnhaa and buries her in her interior  Becomes e" welfare 	RTQ8Y Knew Arrogances Me How Buries Tears Eyes Followed Sees her To Cushions ltHtDnhaa Buries her In Her interior  Becomes e" Chose 	None	RTQ8Y	None	Favor That Is Hit Turn over You Accompanied him To is Beautiful That Is Hit Accompanied You Turning his	None	Excellence	n2kwt	Arabic	English	2012-12-23	\N	\N	0	47.68883419	29.57014055
166972574159478784	@shmmrvoice السلام عليكم اخواني اشصار للاخ طلال وشكرآ	2012-02-07 19:52:18	0	0101000020E6100000AE35293F8837444061EFEE961E523540	None	@shmmrvoice	0	0	None	None	None	None	None	None	None	None	None	None	None	412280723	الكويت	جزاع المحيسن	jzaa_	@shmmrvoice السلام عليكم اخواني اشصار للاخ طلال وشكرآ none @shmmrvoice none جزاع المحيسن none none jzaa_	<a href="http://twitter.com/#!/download/iphone" rel="nofollow">Twitter for iPhone</a>	\N	\N	\N	\N	\N	\N	\N	\N	\N	\N	\N	\N	\N	\N	\N	40.43384542	21.32077926
170365211365216256	@Arabic_pro صباح الخير	2012-02-17 04:33:26	0	0101000020E6100000CBC67BBC2D1849407015F67A18453A40	None	@Arabic_pro	0	0	None	None	None	None	None	None	None	None	None	None	None	411084430	None	خالد المعشلي	kmashali	@arabic_pro صباح الخير none @arabic_pro none خالد المعشلي none none kmashali	<a href="http://twitter.com/#!/download/iphone" rel="nofollow">Twitter for iPhone</a>	Arabic_pro Good morning	Arabic_pro Morning The welfare	None	Arabic_pro	None	None	None	Khalid aalme"shly	kmashali	Arabic	English	2013-01-06	\N	\N	0.6	50.18889576	26.26990479
166970532602982400	تسعه أندية بدوري زين استفادو من منسقين النصر وهم الشباب والهلال والاتفاق والقادسية والفتح والفيصلي والرائدوالتعاون وهجر ممكن العيب بالادارة	2012-02-07 19:44:11	0	0101000020E6100000E85894C8745447402AC423F1F2933840	None	None	0	0	None	None	None	None	None	None	None	None	None	None	النصر ثم النصر ثم النصر بعدها نشوف اشغالنا	335127009		صالح العروان	Saleh_Alarwan	تسعه أندية بدوري زين استفادو من منسقين النصر وهم الشباب والهلال والاتفاق والقادسية والفتح والفيصلي والرائدوالتعاون وهجر ممكن العيب بالادارة none none none صالح العروان none النصر ثم النصر ثم النصر بعدها نشوف اشغالنا saleh_alarwan	<a href="http://twitter.com/download/android" rel="nofollow">Twitter for Android</a>	\N	\N	\N	\N	\N	\N	\N	\N	\N	\N	\N	\N	\N	\N	\N	46.65981395	24.57792575
167347959518863360	ارتفع عدد القتلى في سوريا إلى 117 قتيل في حمص ومناطق أخرى ، من بينهم 21 طفل و 6 نساء.\n\nالحسابة بتحسب يا بشار..\n#syria\n#ArabLeague\n#GCC	2012-02-08 20:43:57	0	0101000020E610000062E6D05C8611494037D9ED50A0583A40	#syria #ArabLeague #GCC	None	0	0	None	None	None	None	None	None	None	None	None	None		285876938	DH, Saudi Arabia	Waleed	wale_arab	ارتفع عدد القتلى في سوريا إلى 117 قتيل في حمص ومناطق أخرى ، من بينهم 21 طفل و 6 نساء. الحسابة بتحسب يا بشار.. #syria #arableague #gcc #syria #arableague #gcc none none waleed none wale_arab	<a href="http://tapbots.com/tweetbot" rel="nofollow">Tweetbot for iOS</a>	Number rose deadly in Syria to 117 Casualty in chick-pea and last areas ، From in their yen 21 Child And 6 Deteriorates aalHsaabt btHsb Or Bashar syria ArabLeague GCC	Rose Enumerated The battle In Syria To 117 Casualty In Toasted Areas Delayed ، From In their yen 21 Child And 6 Deteriorates aalHsaabt btHsb Or Bashar syria ArabLeague GCC	syria ArabLeague GCC	None	None		DH Saudi Arabia	Waleed	wale_arab	Arabic	English,Farsi	2012-12-23	\N	\N	-0.0861111111111	50.13691292	26.34619623
167020403087253504	إن قيل: إنكم أشداء على الكفار رحماء بالمصلحين فهذا ما امتدح الله به أتباع رسوله ولكن المصيبة أن يقال: إنكم رحماء بالكفار أشداء على المصلحين	2012-02-07 23:02:21	0	0101000020E610000064AB4F62A5614740F655E2CF2AB23840	None	None	0	0	None	None	None	None	None	None	None	None	None	None	None	446146763	None	ندى العليان	nadadonh	إن قيل: إنكم أشداء على الكفار رحماء بالمصلحين فهذا ما امتدح الله به أتباع رسوله ولكن المصيبة أن يقال: إنكم رحماء بالكفار أشداء على المصلحين none none none ندى العليان none none nadadonh	<a href="http://twitter.com/#!/download/iphone" rel="nofollow">Twitter for iPhone</a>	\N	\N	\N	\N	\N	\N	\N	\N	\N	\N	\N	\N	\N	\N	\N	46.76285962	24.69596576
167347934214635521	@no0ofq8 خخههههههه	2012-02-08 20:43:51	0	0101000020E6100000108F691261D048407E8AE3C0AB053B40	None	@no0ofq8	167347823636004864	463624380	no0ofq8	None	None	None	None	None	None	None	None	None	 عبالعزيز الشـمري ابن كفـش .حاصل على درجة مشاركة في الهندسة الكهربائية والألكترونية. وبكالريوس ادراة اعمال في الطريق (الارض ضريح العظماء) v@live.com	291394026	المملكه العربيه السعوديه	عبدالعزيز الكفش	Abdulazizfezza	@no0ofq8 خخههههههه none @no0ofq8 none عبدالعزيز الكفش none عبالعزيز الشـمري ابن كفـش .حاصل على درجة مشاركة في الهندسة الكهربائية والألكترونية. وبكالريوس ادراة اعمال في الطريق (الارض ضريح العظماء) v@live.com abdulazizfezza	<a href="http://twitter.com/download/android" rel="nofollow">Twitter for Android</a>	no0ofq8 xxhhhhhhh	no0ofq8 xxhhhhhhh	None	no0ofq8	no0ofq8	e"baale"zyz Al-Shammari Builds kfsh Yield On Degree Participation In The engineering The electrician waal"alktrwnyt wbkaalryws aadraat Operation In The road The land Grave Great v live with	aalmmlkh aale"rbyh aalse"wdyh	AbdulAziz aalkfsh	Abdulazizfezza	English	Arabic	2012-12-23	\N	\N	0	49.6279624	27.022152
167347931446386688	@m_f7أين السلطات الكويتية عن هذا الخبيث؟!\n\nيُطالب بفصل مكة والمدينة عن المملكة العربية السعودية!!\nhttp://t.co/XXUmWkrD	2012-02-08 20:43:50	0	0101000020E6100000FA97A432C5004840C45A7C0A80453D40	None	@m_f7	0	0	None	http://twitter.com/Wesal_TV/status/167344411175424001/photo/1	None	None	None	None	None	None	None	None		240322247	kuwait	Othman AL-Dwaisan	agility1971	@m_f7أين السلطات الكويتية عن هذا الخبيث؟! يُطالب بفصل مكة والمدينة عن المملكة العربية السعودية!! http://t.co/xxumwkrd none @m_f7 none othman al-dwaisan none agility1971	<a href="http://www.handmark.com" rel="nofollow">TweetCaster for iOS</a>	m_f7أين The Kuwaiti authorities about this malignant? Chapter of Mecca and the city about Saudi Arabia demands in http t co XXUmWkrD	m_f7أين The authorities The Kuwaiti About This Malignant? Demands In chapter Mecca The city About The kingdom The Arab Saudi Arabia http t co XXUmWkrD	None	m_f7	None		kuwait	Othman AL-Dwaisan	agility1971	Arabic	English	2012-12-23	\N	\N	0	48.006018	29.271485
166975654129180675	Helping others is the way we help ourselves. -Oprah”	2012-02-07 20:04:32	0	0101000020E610000025DF74E4ABC04340119EF96A816D3840	None	None	0	0	None	None	None	None	None	None	None	None	None	None	كيف ومتى لانعلم سوى اننا هنا،وتغمرنا تلگ السعاده،بذلگ النبض الذي لايتوقف-)	425767320	المدينه	رنو	rwanalblawy	helping others is the way we help ourselves. -oprah” none none none رنو none كيف ومتى لانعلم سوى اننا هنا،وتغمرنا تلگ السعاده،بذلگ النبض الذي لايتوقف-) rwanalblawy	<a href="http://twitter.com/#!/download/iphone" rel="nofollow">Twitter for iPhone</a>	\N	\N	\N	\N	\N	\N	\N	\N	\N	\N	\N	\N	\N	\N	\N	39.50524574	24.42775601
170365204021002241	I'm at Q8 Boarding http://t.co/oFJf5Aiz	2012-02-17 04:33:24	0	0101000020E6100000B0404F5E3F324840A6242D8D468A3C40	None	None	0	0	None	http://4sq.com/yHiVYi	None	None	None	None	None	None	None	None	You only live once, but if you work it right, once is enough.	159428202	Kuwait	Haitham 	ras360	i'm at q8 boarding http://t.co/ofjf5aiz none none none haitham none you only live once, but if you work it right, once is enough. ras360	<a href="http://foursquare.com" rel="nofollow">foursquare</a>	And " m at Q8 Boarding http t co oFJf5Aiz	And " m at Q8 Boarding http t co oFJf5Aiz	None	None	None	You only live once but if you work it right once is enough	Kuwait	Haitham	ras360	English	Polish	2013-01-06	\N	\N	0	48.39255885	28.54013903
166970523614593024	كالعاده.. في مكاني (@ Java Time) [pic]: http://t.co/PyuY3ZXI	2012-02-07 19:44:09	0	0101000020E61000008E5AFECFA356474054F6658244AE3840	None	None	0	0	None	http://4sq.com/yFVVle	None	None	None	None	None	None	None	None	Saudi pharmacist |23y,o|Looking for bright future صيدلي سعودي وأفتخر بذلك |خريج حديثاً |عاطل مؤقتاً |23 سنه| اتطلع لمستقبل مشرق |مرح	239741740	الرياض	بندر المالكي	balmalki	كالعاده.. في مكاني (@ java time) [pic]: http://t.co/pyuy3zxi none none none بندر المالكي none saudi pharmacist |23y,o|looking for bright future صيدلي سعودي وأفتخر بذلك |خريج حديثاً |عاطل مؤقتاً |23 سنه| اتطلع لمستقبل مشرق |مرح balmalki	<a href="http://foursquare.com" rel="nofollow">foursquare</a>	\N	\N	\N	\N	\N	\N	\N	\N	\N	\N	\N	\N	\N	\N	\N	46.67687416	24.68073287
166968770915614721	كما ذكرت\nإن سارت الأمور طبيعية قد يفعلها الفتح\nوفعلها أبناء العفالق\nبدون أبوعبيد\nالفتح مو باليد http://t.co/7hHbYTUw	2012-02-07 19:37:12	0	0101000020E610000013B5B8EFE6484740E0C2D38E8F933840	None	None	0	0	None	None	None	None	None	None	None	None	None	None	مَالِي شَبِيْه الَا ●●الْسُّكُوْت ●● الْلِي يُثِيْر الْبَلْبَلَه ●●●●	247530904	ٱڵـع'ـٱٱصِِـممّھہ 	عَآدِلّ الٰهِلٓالٌي	3DoOoLyaLsAhLy	كما ذكرت إن سارت الأمور طبيعية قد يفعلها الفتح وفعلها أبناء العفالق بدون أبوعبيد الفتح مو باليد http://t.co/7hhbytuw none none none عَآدِلّ الٰهِلٓالٌي none مَالِي شَبِيْه الَا ●●الْسُّكُوْت ●● الْلِي يُثِيْر الْبَلْبَلَه ●●●● 3dooolyalsahly	<a href="http://twitter.com/#!/download/iphone" rel="nofollow">Twitter for iPhone</a>	\N	\N	\N	\N	\N	\N	\N	\N	\N	\N	\N	\N	\N	\N	\N	46.56954762	24.57640927
167347924886495232	@NoOony9700 \nلاا خل اعطيج ضمان \nلا لا خليني اعطيج ضمان \nلا خل اعطيج بعد !!\nههههههههههههههه	2012-02-08 20:43:49	0	0101000020E61000008DD8401D83F7474029E3E7D8A43F3D40	None	@NoOony9700	167347064529879041	319867147	NoOony9700	None	None	None	None	None	None	None	None	None	operator at kuwait national petroleum company (K.N.P.C) (G.B)	443437328	None	N.,'AL-NABHAN	Nbhano	@nooony9700 لاا خل اعطيج ضمان لا لا خليني اعطيج ضمان لا خل اعطيج بعد !! ههههههههههههههه none @nooony9700 none n.,'al-nabhan none operator at kuwait national petroleum company (k.n.p.c) (g.b) nbhano	<a href="http://twitter.com/#!/download/iphone" rel="nofollow">Twitter for iPhone</a>	NoOony9700 laaaa uncle aae"Tyj security do not leave me aae"Tyj security uncle aae"Tyj after hhhhhhhhhhhhhhh	NoOony9700 laaaa Uncle aae"Tyj Security   Left me aae"Tyj Security  Uncle aae"Tyj After hhhhhhhhhhhhhhh	None	NoOony9700	NoOony9700	operator at kuwait national petroleum company K NR P C G B	None	NR "AL-NABHAN	Nbhano	Arabic	English	2012-12-23	\N	\N	0	47.93368879	29.24860912
166965844100907009	@almriseul لا ياشيخ من جاء بلا عزيمه يمرح بدون لاحاف	2012-02-07 19:25:33	0	0101000020E6100000E85894C8745447402AC423F1F2933840	None	@almriseul	166965556543619072	251352535	almriseul	None	None	None	None	None	None	None	None	None	النصر ثم النصر ثم النصر بعدها نشوف اشغالنا	335127009		صالح العروان	Saleh_Alarwan	@almriseul لا ياشيخ من جاء بلا عزيمه يمرح بدون لاحاف none @almriseul none صالح العروان none النصر ثم النصر ثم النصر بعدها نشوف اشغالنا saleh_alarwan	<a href="http://twitter.com/download/android" rel="nofollow">Twitter for Android</a>	\N	\N	\N	\N	\N	\N	\N	\N	\N	\N	\N	\N	\N	\N	\N	46.65981395	24.57792575
166989872186396673	{رَبَّنَا لاَ تُزِغْ قُلُوبَنَا بَعْدَ إِذْ هَدَيْتَنَا وَهَبْ لَنَا مِن لَّدُنكَ رَحْمَةً إِنَّكَ أَنتَ الْوَهَّابُ}	2012-02-07 21:01:02	0	0101000020E61000005EB48D60DFD24340FAECC2075D6C3840	None	None	0	0	None	None	None	None	None	None	None	None	None	None		468683101		Abdalrahman H. Sabur	d700msabur	{رَبَّنَا لاَ تُزِغْ قُلُوبَنَا بَعْدَ إِذْ هَدَيْتَنَا وَهَبْ لَنَا مِن لَّدُنكَ رَحْمَةً إِنَّكَ أَنتَ الْوَهَّابُ} none none none abdalrahman h. sabur none d700msabur	<a href="http://twitter.com/#!/download/iphone" rel="nofollow">Twitter for iPhone</a>	\N	\N	\N	\N	\N	\N	\N	\N	\N	\N	\N	\N	\N	\N	\N	39.64744193	24.42329453
166981018589466625	غدا الأربعاء ({}) العين × الوحدة الساعة : 7 بتوقيت السعودية في ملعب العين (القطارة ) بـآلتوفيق ليآآسر	2012-02-07 20:25:51	0	0101000020E6100000341F42220EAC47408886838C99263840	None	None	0	0	None	None	None	None	None	None	None	None	None	None	لك	449864059	None	الشعلة 	abdalahalfawaz	غدا الأربعاء ({}) العين × الوحدة الساعة : 7 بتوقيت السعودية في ملعب العين (القطارة ) بـآلتوفيق ليآآسر none none none الشعلة none لك abdalahalfawaz	<a href="http://twitter.com/#!/download/iphone" rel="nofollow">Twitter for iPhone</a>	\N	\N	\N	\N	\N	\N	\N	\N	\N	\N	\N	\N	\N	\N	\N	47.34418133	24.15078047
166975644960432128	@Abdulkhaleq_UAE @egyindependent شكلها الأوراق تلخبطت كثير!!	2012-02-07 20:04:30	0	0101000020E6100000AF9F1751071E4D4026B62F5EFBA23740	None	@Abdulkhaleq_UAE @EgyIndependent	166969501559164928	281948138	Abdulkhaleq_UAE	None	None	None	None	None	None	None	None	None	كاتب عماني مهتم بقضايا التسويق والإعلام والسياسة، أمد كف بيضاء لأصافح العالم	79246973	Oman	Hashar حشر	7shr	@abdulkhaleq_uae @egyindependent شكلها الأوراق تلخبطت كثير!! none @abdulkhaleq_uae @egyindependent none hashar حشر none كاتب عماني مهتم بقضايا التسويق والإعلام والسياسة، أمد كف بيضاء لأصافح العالم 7shr	<a href="http://twitter.com/#!/download/iphone" rel="nofollow">Twitter for iPhone</a>	\N	\N	\N	\N	\N	\N	\N	\N	\N	\N	\N	\N	\N	\N	\N	58.23459829	23.63664807
166970518807920640	@fares8999 @maysamoudi @soha_alq وهل اتباعه ان تشتم أختك وان أخطأت؟	2012-02-07 19:44:08	0	0101000020E6100000136404543894434081C43C4C778F3540	None	@fares8999 @maysamoudi @Soha_alq	166969548828979201	139642373	fares8999	None	None	None	None	None	None	None	None	None	Co-Founder 3Points. Changing the world @ 24 frames per second. iThink. iWrite. iFilm. iChange. iHope!!!	19389544	jeddah	Bougary - عيسى بوقري	ebougary	@fares8999 @maysamoudi @soha_alq وهل اتباعه ان تشتم أختك وان أخطأت؟ none @fares8999 @maysamoudi @soha_alq none bougary - عيسى بوقري none co-founder 3points. changing the world @ 24 frames per second. ithink. iwrite. ifilm. ichange. ihope!!! ebougary	<a href="http://twitter.com/#!/download/iphone" rel="nofollow">Twitter for iPhone</a>	\N	\N	\N	\N	\N	\N	\N	\N	\N	\N	\N	\N	\N	\N	\N	39.157969	21.56041409
167347895169855489	يا للاسف لم ياخذ محمد المليفي من اخلاق الرسولمحمد صلوات الله عليه وآله الكريمة وهو من تسميى به  \nياليت ان تكون الاسماء الكريمة لاشخاص كريمة	2012-02-08 20:43:42	0	0101000020E610000016E37815040948403510E403AF3A3D40	None	None	0	0	None	None	None	None	None	None	None	None	None	None	None	281665229	None	Amona89	ablaamna	يا للاسف لم ياخذ محمد المليفي من اخلاق الرسولمحمد صلوات الله عليه وآله الكريمة وهو من تسميى به ياليت ان تكون الاسماء الكريمة لاشخاص كريمة none none none amona89 none none ablaamna	<a href="http://twitter.com/#!/download/iphone" rel="nofollow">Twitter for iPhone</a>	Or For the regret Mohammed do not take the fiberizing from Ethics aalrswlmHmd Blessing Allah on him and his generous family and he from names To yaalyt that formation of the names the generous generous persons	Or For the regret  Takes Mohammed The fiberizing From Ethics aalrswlmHmd Blessing Allah On him His family The highborn He From Names To yaalyt That Was formed The names The highborn The persons Highborn	None	None	None	None	None	Amona89	ablaamna	Arabic	Farsi	2012-12-23	\N	\N	0	48.07043713	29.22923302
166965837394214913	@aljammaahهذ هو اللبرالي الذي سب النبي الأكرم صلى الله عليه وسلم وقضيتة على الساحة السعودية وجهود من العلماء لتطبيق حد الرده عليه	2012-02-07 19:25:32	0	0101000020E610000036E50AEF72C04340304F4244C56D3840	None	@aljammaah	0	0	None	None	None	None	None	None	None	None	None	None	لولا المشقة ساد الناس كلهم***الجود يفقر واﻹقدام قتال	454179211		عبد العزيز العلوي	Alawe1433	@aljammaahهذ هو اللبرالي الذي سب النبي الأكرم صلى الله عليه وسلم وقضيتة على الساحة السعودية وجهود من العلماء لتطبيق حد الرده عليه none @aljammaah none عبد العزيز العلوي none لولا المشقة ساد الناس كلهم***الجود يفقر واﻹقدام قتال alawe1433	<a href="http://twitter.com/download/android" rel="nofollow">Twitter for Android</a>	\N	\N	\N	\N	\N	\N	\N	\N	\N	\N	\N	\N	\N	\N	\N	39.5035075	24.4287913
167347889692098561	@MotlaQ ونعم فيك وبرشلونه #هياط تايم	2012-02-08 20:43:40	0	0101000020E61000001E19ABCDFF1B494047263B91BB493A40	None	@MotlaQ	167347400426520576	49008889	MotlaQ	None	None	None	None	None	None	None	None	None	http://www.youtube.com/user/AloBeioi?feature=mhee#p/a/u/1/GGv7_fM3F9U\r\n..\r\n	208459881		FaHaD AlMuTaiRi	AloBeioi	@motlaq ونعم فيك وبرشلونه #هياط تايم none @motlaq none fahad almutairi none http://www.youtube.com/user/alobeioi?feature=mhee#p/a/u/1/ggv7_fm3f9u .. alobeioi	<a href="http://twitter.com/download/android" rel="nofollow">Twitter for Android</a>	MotlaQ Blessings in you wbrshlwnh hyaaT Time	MotlaQ Blessings In you wbrshlwnh hyaaT Time	None	MotlaQ	MotlaQ	http www youtube with user AloBeioi feature=mhee p a in 1 GGv7_fM3F9U		FaHaD AlMuTaiRi	AloBeioi	Arabic	French	2012-12-23	\N	\N	0	50.218744	26.2880183
167020387601887232	@AliOmar70 يا عمي ما ينفع حتى إحطياط	2012-02-07 23:02:18	0	0101000020E6100000E5492DEF05CD4340E561A1D634733840	None	@AliOmar70	167019860319150082	439016584	AliOmar70	None	None	None	None	None	None	None	None	None	من صغر سني وانا اهلاوي 	392979390		 black soor	wwFBIWww	@aliomar70 يا عمي ما ينفع حتى إحطياط none @aliomar70 none black soor none من صغر سني وانا اهلاوي wwfbiwww	<a href="http://twitter.com/download/android" rel="nofollow">Twitter for Android</a>	\N	\N	\N	\N	\N	\N	\N	\N	\N	\N	\N	\N	\N	\N	\N	39.6017436	24.450025
166989866209509376	@amalkhaled511 لو تعيرة الاداره وصرف جميع مستحقات الاعبين القديمين مثال الاعل علي يزيد	2012-02-07 21:01:01	0	0101000020E61000005570D3FA36534740F9CCC43A76943840	None	@amalkhaled511	0	0	None	None	None	None	None	None	None	None	None	None	None	446339502	None	Abo-Nawaf	khalid_4040	@amalkhaled511 لو تعيرة الاداره وصرف جميع مستحقات الاعبين القديمين مثال الاعل علي يزيد none @amalkhaled511 none abo-nawaf none none khalid_4040	<a href="http://twitter.com/#!/download/iphone" rel="nofollow">Twitter for iPhone</a>	\N	\N	\N	\N	\N	\N	\N	\N	\N	\N	\N	\N	\N	\N	\N	46.65011535	24.57992904
167003463035797504	@mooosh_k ههههههههههه  وإذا ما يفهم أبد	2012-02-07 21:55:03	0	0101000020E6100000D6E07D552E47454063E6A7DD54E53040	None	@mooosh_k	167003126371586048	477062428	mooosh_k	None	None	None	None	None	None	None	None	None	كــل سـيــف ٍ مـــا يـجــرد لـلـصـدا .. كـــل مـجــد ٍ مـــا يـجــدد مايـفـيـد\r\n	410675084	السعوديهـ	بندر العبدلي	bandar_ksa_	@mooosh_k ههههههههههه وإذا ما يفهم أبد none @mooosh_k none بندر العبدلي none كــل سـيــف ٍ مـــا يـجــرد لـلـصـدا .. كـــل مـجــد ٍ مـــا يـجــدد مايـفـيـد bandar_ksa_	<a href="http://twitter.com/download/android" rel="nofollow">Twitter for Android</a>	@mooosh_k hhhhhhhhhhh and if what what eternity understands	\N	None	@mooosh_k	mooosh_k	All Will carry out ٍ What Deprive of For the rust .. All Glorified ٍ What Renews maayfyd\n	The Saudi	Seaport aale'bdly	bandar_ksa_	Arabic	English,Farsi	2013-04-05	\N	\N	0	42.5561015	16.8958262
166975645237256193	I'm at Z Cube (Sosun Magu, Malé) http://t.co/FpkncWnm	2012-02-07 20:04:30	0	0101000020E6100000AFAA03C5F46052403AAC1512D5B41040	None	None	0	0	None	http://4sq.com/weVbNX	None	None	None	None	None	None	None	None		28638410	Maldives	Hassan Rasheed	r3Dd3V1LS	i'm at z cube (sosun magu, malé) http://t.co/fpkncwnm none none none hassan rasheed none r3dd3v1ls	<a href="http://foursquare.com" rel="nofollow">foursquare</a>	\N	\N	\N	\N	\N	\N	\N	\N	\N	\N	\N	\N	\N	\N	\N	73.51493955	4.17659405
166972563082326016	@mais080 @shaniqualeto @sarahjassem @badass_echelon @marmarkassab @starlight__ hahaha Mayoos you have been infected by Bart :p	2012-02-07 19:52:15	0	0101000020E6100000E83C19D2172E4B401401F33570743840	None	@mais080 @ShaniquaLeto @SarahJassem @badass_echelon @MarMarKassaB @Starlight__	166967128212246529	49264399	mais080	None	None	None	None	None	None	None	None	None	Wanna be designer, ECHELON for life ₪ ø lll ·o., KTBSPA, LPU11, ColdPlayer, Hooligan. If any of this makes sense to you then Follow Me	289290833	Oblivion - UAE	∑çhe Ωmi ⓁⓅⓊ➊➊	MarsPrincess106	@mais080 @shaniqualeto @sarahjassem @badass_echelon @marmarkassab @starlight__ hahaha mayoos you have been infected by bart :p none @mais080 @shaniqualeto @sarahjassem @badass_echelon @marmarkassab @starlight__ none ∑çhe Ωmi ⓁⓅⓊ➊➊ none wanna be designer, echelon for life ₪ ø lll ·o., ktbspa, lpu11, coldplayer, hooligan. if any of this makes sense to you then follow me marsprincess106	<a href="http://twitter.com/#!/download/iphone" rel="nofollow">Twitter for iPhone</a>	\N	\N	\N	\N	\N	\N	\N	\N	\N	\N	\N	\N	\N	\N	\N	54.36010195	24.4548372
166970518975684608	@BiebrSexplosian IM NOT OFFLINE! IM ALWAYS ONLINE! DONT GO!!! And I WILL be horny tonight, and tomorrow :P	2012-02-07 19:44:08	0	0101000020E6100000D3881545FA81414088ABFBAEA5E23F40	None	@BiebrSexplosian	166968826028761088	122026359	BiebrSexplosian	None	None	None	None	None	None	None	None	None	Ophir, Sheryl & Ellie:) Mar 14th, Nov 27th, Jan 20th. We're 3 Beliebers. You mad? STAY MAD ❤ Owner: @Justin_inmysoul. Co-owners: @foreverrrbelieb @ellss_bieber	167810360	Bieber's pants ✡ Israel & UK ♔	♔ READ THE BIO ♔	iJBieber4ever	@biebrsexplosian im not offline! im always online! dont go!!! and i will be horny tonight, and tomorrow :p none @biebrsexplosian none ♔ read the bio ♔ none ophir, sheryl & ellie:) mar 14th, nov 27th, jan 20th. we're 3 beliebers. you mad? stay mad ❤ owner: @justin_inmysoul. co-owners: @foreverrrbelieb @ellss_bieber ijbieber4ever	<a href="http://twitter.com/#!/download/iphone" rel="nofollow">Twitter for iPhone</a>	\N	\N	\N	\N	\N	\N	\N	\N	\N	\N	\N	\N	\N	\N	\N	35.01545013	31.88534063
167347881370587138	@mona_alduaij alllaaaaa 3alaikoom bl 3aafyaa.. 3amity e7na shareeen kassarat kastan 3ajeeebaaa	2012-02-08 20:43:38	0	0101000020E6100000ED061BE8EB074840DD56C4FA504D3D40	None	@mona_alduaij	167346214340276224	254093412	mona_alduaij	None	None	None	None	None	None	None	None	None	Born in April 1987.. Petroleum engineer.. Be thankful for what you have; you'll end up having more. ;*	228364590	Bayan	Rawan AlDuaij	ENG_RAlDuaij	@mona_alduaij alllaaaaa 3alaikoom bl 3aafyaa.. 3amity e7na shareeen kassarat kastan 3ajeeebaaa none @mona_alduaij none rawan alduaij none born in april 1987.. petroleum engineer.. be thankful for what you have; you'll end up having more. ;* eng_ralduaij	<a href="http://www.tweetcaster.com" rel="nofollow">TweetCaster for Android</a>	mona_alduaij alllaaaaa 3alaikoom bl 3aafyaa 3amity e7na shareeen kassarat the caste 3ajeeebaaa	mona_alduaij alllaaaaa 3alaikoom bl 3aafyaa 3amity e7na shareeen kassarat the caste 3ajeeebaaa	None	mona_alduaij	mona_alduaij	Born in April 1987 Petroleum engineer Be thankful for what you have you"ll end up having more *	Bayan	Rawan AlDuaij	ENG_RAlDuaij	English	Swedish,Albanian	2012-12-23	\N	\N	0	48.0618868	29.3020169
166967326237921280	@S_ALturigee هههههههههههههههههه اجل يبحثو عن بطولة جماهير الشباب يسلمو عليك ويقولو حجزكم الغي وانتظرو ٢٥ سنة ثانية	2012-02-07 19:31:27	0	0101000020E6100000CEC29E7678524740E639E8331CC73840	None	@S_ALturigee	166964687756476416	301118167	S_ALturigee	None	None	None	None	None	None	None	None	None	None	471251089	None	falcon.arabs	falcon_arabs	@s_alturigee هههههههههههههههههه اجل يبحثو عن بطولة جماهير الشباب يسلمو عليك ويقولو حجزكم الغي وانتظرو ٢٥ سنة ثانية none @s_alturigee none falcon.arabs none none falcon_arabs	<a href="http://twitter.com/#!/download/iphone" rel="nofollow">Twitter for iPhone</a>	\N	\N	\N	\N	\N	\N	\N	\N	\N	\N	\N	\N	\N	\N	\N	46.64430125	24.77777409
166965833791320065	@Alyousei ههههههه مشكلة تلك الصحيفة تموت على كلمة خاص وحصري ذكرتني بأحد قنواتنا الرياضية العربية 	2012-02-07 19:25:31	0	0101000020E61000003D27FF8B4E6C4440E495F3DE7B203540	None	@Alyousei	166954194216026112	112958791	Alyousei	None	None	None	None	None	None	None	None	None	يابن ادم يلعن الله كل مختال فخور\nمن تواضع تحت ربه يعليه إدرجه\n\nلجل ماتدخل جهنم علشان الغرور\nللعرب حاول تواضع وتعطيهم وجه\n\n(سعد بن جدلان)\n\n	287039219		 Ŧคђค๔ คl๏Եเ๒є	fh5055	@alyousei ههههههه مشكلة تلك الصحيفة تموت على كلمة خاص وحصري ذكرتني بأحد قنواتنا الرياضية العربية  none @alyousei none Ŧคђค๔ คl๏Եเ๒є none يابن ادم يلعن الله كل مختال فخور من تواضع تحت ربه يعليه إدرجه لجل ماتدخل جهنم علشان الغرور للعرب حاول تواضع وتعطيهم وجه (سعد بن جدلان) fh5055	<a href="http://tapbots.com/tweetbot" rel="nofollow">Tweetbot for iOS</a>	\N	\N	\N	\N	\N	\N	\N	\N	\N	\N	\N	\N	\N	\N	\N	40.84614706	21.12689012
167020371755806720	@iFaisal1 لا وعدنت الرجال .. بس والله تعب قلبي الين ما جبتو	2012-02-07 23:02:14	0	0101000020E6100000042AF3C1789E43402F2DD1F63B883540	None	@iFaisal1	167018505470873600	263760533	iFaisal1	None	None	None	None	None	None	None	None	None	I am singularitarian, music taster, and passionate about physics,philosophy, and physique-psyche care.	215275863	canada, krypton	abdullah alhamrani	hamraniii	@ifaisal1 لا وعدنت الرجال .. بس والله تعب قلبي الين ما جبتو none @ifaisal1 none abdullah alhamrani none i am singularitarian, music taster, and passionate about physics,philosophy, and physique-psyche care. hamraniii	<a href="http://twitter.com/#!/download/iphone" rel="nofollow">Twitter for iPhone</a>	\N	\N	\N	\N	\N	\N	\N	\N	\N	\N	\N	\N	\N	\N	\N	39.23806023	21.53216498
167003461307727872	@Mshari_Almarri \nههههههههههههههههه\nطيب لاتذكرت بلغني \nتراني اتابع العربيه واجد وبعض الاحيان الجزيره	2012-02-07 21:55:02	0	0101000020E6100000FAAA85272EFA454069B7C803B20D3A40	None	@Mshari_Almarri	167000073471930371	336134392	Mshari_Almarri	None	None	None	None	None	None	None	None	None	None	379132491	لسـنآ الوحـيدون ولـگنآ الافضـل	عبدالعزيز العجمي	aziz2351	@mshari_almarri ههههههههههههههههه طيب لاتذكرت بلغني تراني اتابع العربيه واجد وبعض الاحيان الجزيره none @mshari_almarri none عبدالعزيز العجمي none none aziz2351	<a href="http://twitter.com/#!/download/iphone" rel="nofollow">Twitter for iPhone</a>	\N	\N	\N	\N	\N	\N	\N	\N	\N	\N	\N	\N	\N	\N	\N	43.95453352	26.05349754
167347879483150336	“@nkt_Q8: أهمَ شي تحمي عيوني من الشمس 3-| كويتي شاري نظاره بدينار ونص وَضاغطينه الشباب =))”\n\n\n\nهههههههههههههههه واحد ابالي	2012-02-08 20:43:38	0	0101000020E6100000D8CC8C44890848401F71C095893A3D40	None	@nkt_Q8	0	0	None	None	None	None	None	None	None	None	None	None	None	417279920	شاعر متذوق ، ناقد رياضي 	al kayaat	TAlkayaat	“@nkt_q8: أهمَ شي تحمي عيوني من الشمس 3-| كويتي شاري نظاره بدينار ونص وَضاغطينه الشباب =))” هههههههههههههههه واحد ابالي none @nkt_q8 none al kayaat none none talkayaat	<a href="http://twitter.com/#!/download/iphone" rel="nofollow">Twitter for iPhone</a>	“ nkt_Q8 Worries Are Eyes from the sun protect my 3- Kuwaiti shaary Watcher is In Dinar and text and compressive his the youths = ” hhhhhhhhhhhhhhhh one pay attention	“ nkt_Q8 Worries Are Protects My eyes From The sun 3- Kuwaiti shaary Watcher is In Dinar Text Compressive his The youths = ” hhhhhhhhhhhhhhhh One Pay attention	None	nkt_Q8	None	None	Poet mtdhwq ، Critic Athlete	to kayaat	TAlkayaat	Arabic	English,Pashto,Farsi	2012-12-23	\N	\N	0	48.06668908	29.22866188
167347879327956992	\n\n\n\n\n\n\nتصبحون علي خير\n\n\n\n\n\n\n	2012-02-08 20:43:38	0	0101000020E6100000864A6DF310D447406306F03756523D40	None	None	0	0	None	None	None	None	None	None	None	None	None	None	جميع النساء جميلات .. لا توجد إمرأه قبيحه     (( النساء )) .. نعمة ..  آشكر الله عليهآ صبح و مسآء ..	394770528	فـي قــ  ــلوب النســاء	أعشق نساء العالم	sha3eralnsaa	       تصبحون علي خير        none none none أعشق نساء العالم none جميع النساء جميلات .. لا توجد إمرأه قبيحه (( النساء )) .. نعمة .. آشكر الله عليهآ صبح و مسآء .. sha3eralnsaa	<a href="http://twitter.com/#!/download/iphone" rel="nofollow">Twitter for iPhone</a>	        Ali becomes welfare         	        becomes Raised Chose         	None	None	None	All The women Beautiful  Existed "imr"ah Ugly his The women Blessing EEshkr Allah e"lyhEE Morning And msEE"	In Keeps  lwb The women	Couples Deteriorates The scientist	sha3eralnsaa	English	Arabic	2012-12-23	\N	\N	0	47.6567673	29.32162809
167347837275873280	@mierais pkul 11.45	2012-02-08 20:43:28	0	0101000020E61000005734083910C8494029779FE3A3253940	None	@mierais	167347580676743168	361848216	mierais	None	None	None	None	None	None	None	None	None	You follow me , I will follow you back ;)	378671067	Qatar	khairul danial	DanialKhai	@mierais pkul 11.45 none @mierais none khairul danial none you follow me , i will follow you back ;) danialkhai	<a href="http://twitter.com/#!/download/iphone" rel="nofollow">Twitter for iPhone</a>	mierais pkul 11 45	mierais pkul 11 45	None	mierais	mierais	You follow me I will follow you back	Qatar	khairul danial	DanialKhai	English	\N	2012-12-23	\N	\N	0	51.56299508	25.147032
167347867852349440	آموت فيك وَ مآيكثر من غلآك إلآ حلآك\nيَ تحفةً مآهي بيدين البشر متدآوله\n\nسلهآمة عيونك متآهة وآدي وَ عضة شفآك\nصفة قطع سكَر تعظ بهآ على فرآوله”	2012-02-08 20:43:35	0	0101000020E610000017DEFEBFDE1349400B81F9B70D613A40	None	None	0	0	None	None	None	None	None	None	None	None	None	None	بعض البشر لا راح فرقاه منسي وبعض البشر أن غاب عني تضايقت  وش فايده تقسي والأيام تقسي ودك نعيش البُعد ونضيع الوقت ؟؟  	451663615	None	abu noorh	AbuNirh	آموت فيك وَ مآيكثر من غلآك إلآ حلآك يَ تحفةً مآهي بيدين البشر متدآوله سلهآمة عيونك متآهة وآدي وَ عضة شفآك صفة قطع سكَر تعظ بهآ على فرآوله” none none none abu noorh none بعض البشر لا راح فرقاه منسي وبعض البشر أن غاب عني تضايقت وش فايده تقسي والأيام تقسي ودك نعيش البُعد ونضيع الوقت ؟؟ abunirh	<a href="http://twitter.com/#!/download/iphone" rel="nofollow">Twitter for iPhone</a>	Ammo your In you and mEEykthr from GlEEk "ilEE HlEEk me tHftAA mEEhy Biden the human being mtdEEwlh slhEEmt your eyes mtEEht wEEdy and bite shfEEk characteristic Breaking off Drunkenness preaches bhEE on frEEwlh ”	Ammo your In you And mEEykthr From GlEEk "ilEE HlEEk Me tHftAA mEEhy Biden The human being mtdEEwlh slhEEmt Your eyes mtEEht wEEdy And Bite shfEEk Characteristic Breaking off Closed Preaches bhEE On frEEwlh ”	None	None	None	Some The human being  Went So charmed him Forgotten Some The human being That Vanished Meant tDaayqt wsh Profit Hardens The days Hardens Your affection Lives The distance Get lost The time ؟؟	None	abu noorh	AbuNirh	Arabic	Farsi	2012-12-23	\N	\N	-0.0333333333333	50.15523529	26.37911558
166965832163934208	#ahlisa \n\nعزيزي الأهلاوي : \n\n\n\n\n\n\nقلناااااالك\n\n\nصور مع جدول الدوري وانت بالصدارة \n\n\nههههههههههههه الحين راحت عليك	2012-02-07 19:25:31	0	0101000020E610000033809EA361CE4340CB845FEAE7783840	#ahlisa	None	0	0	None	None	None	None	None	None	None	None	None	None	انسان بسيط وفقير ومُحِب،وسطي في الدين والدنيا وضد التَزمُتْ بكافة انواعة,اعمل بمجال التوظيف بكبرى الشركات الغذائية بالمملكة واشجع العميد،أحب٠٦واحارشهم	116523402	Riyadh	MisyarAlotaibiفإجازة	Misyar_Alotaibi	#ahlisa عزيزي الأهلاوي : قلناااااالك صور مع جدول الدوري وانت بالصدارة ههههههههههههه الحين راحت عليك #ahlisa none none misyaralotaibiفإجازة none انسان بسيط وفقير ومُحِب،وسطي في الدين والدنيا وضد التَزمُتْ بكافة انواعة,اعمل بمجال التوظيف بكبرى الشركات الغذائية بالمملكة واشجع العميد،أحب٠٦واحارشهم misyar_alotaibi	<a href="http://twitter.com/#!/download/iphone" rel="nofollow">Twitter for iPhone</a>	\N	\N	\N	\N	\N	\N	\N	\N	\N	\N	\N	\N	\N	\N	\N	39.61235471	24.47228875
166925396284145664	@Sara11E	2012-02-07 16:44:50	0	0101000020E610000030F081C2455447406C35F3FD378E3840	None	@Sara11E	166925253296136192	485814113	Sara11E	None	None	None	None	None	None	None	None	None	None	485814113	None	111sara111	Sara11E	@sara11e none @sara11e none 111sara111 none none sara11e	<a href="http://twitter.com/download/android" rel="nofollow">Twitter for Android</a>	\N	\N	\N	\N	\N	\N	\N	\N	\N	\N	\N	\N	\N	\N	\N	46.6583789	24.55554187
167347863368642560	@ask_q8y مساحة . مروحة . مقلمة	2012-02-08 20:43:34	0	0101000020E6100000FC98E688420648401E13CE13744C3D40	None	@ask_q8y	167347257711136771	378762652	ask_q8y	None	None	None	None	None	None	None	None	None	Student At Abdullah Abdulatif El Rjaib  High School	291637947	Kuwait,Bayan	Hussain Ashknani 	HussainAshknani	@ask_q8y مساحة . مروحة . مقلمة none @ask_q8y none hussain ashknani  none student at abdullah abdulatif el rjaib high school hussainashknani	<a href="http://twitter.com/#!/download/iphone" rel="nofollow">Twitter for iPhone</a>	ask_q8y Striped area of fan	ask_q8y Area Fan Striped	None	ask_q8y	ask_q8y	Student At Abdullah Abdulatif  Rjaib High School	Kuwait Bayan	Hussain Ashknani 	HussainAshknani	Arabic	English	2012-12-23	\N	\N	0	48.04890548	29.2986462
166989860115202048	والله فرق بين ضيوف لاين سبورت اعلامي سوق السمك واعلامي برتبة عقيد	2012-02-07 21:00:59	0	0101000020E610000042C417377F514740FCB781F1C2933840	None	None	0	0	None	None	None	None	None	None	None	None	None	None	النصر ثم النصر ثم النصر بعدها نشوف اشغالنا	335127009		صالح العروان	Saleh_Alarwan	والله فرق بين ضيوف لاين سبورت اعلامي سوق السمك واعلامي برتبة عقيد none none none صالح العروان none النصر ثم النصر ثم النصر بعدها نشوف اشغالنا saleh_alarwan	<a href="http://twitter.com/download/android" rel="nofollow">Twitter for Android</a>	\N	\N	\N	\N	\N	\N	\N	\N	\N	\N	\N	\N	\N	\N	\N	46.6366948	24.57719335
167347861426683904	http://t.co/70v4aoL5.        اخر حلويات صباح الناصر. كيك على صور مرشحين  مطير #m6air  #mutair #Kuawit #oama2012 #Oamah2012	2012-02-08 20:43:33	0	0101000020E6100000C1014E6BAAAC464025792AB71F803A40	#m6air #mutair #Kuawit #oama2012 #Oamah2012	None	0	0	None	http://yfrog.com/h6f11myj:iphone	None	None	None	None	None	None	None	None	نعم مزدوج إن كان حبي للخليج إزدواجيه	447113053	سبحان الله وبحمده	خالد الميموني	alwasemy	http://t.co/70v4aol5. اخر حلويات صباح الناصر. كيك على صور مرشحين مطير #m6air #mutair #kuawit #oama2012 #oamah2012 #m6air #mutair #kuawit #oama2012 #oamah2012 none none خالد الميموني none نعم مزدوج إن كان حبي للخليج إزدواجيه alwasemy	<a href="http://twitter.com/#!/download/iphone" rel="nofollow">Twitter for iPhone</a>	http t co 70v4aoL5 Sweets of morning delayed aalnaaSr your ironing on masts of filtered rainy m6air mutair Kuawit oama2012 Oamah2012	http t co 70v4aoL5 Delayed Sweets Morning aalnaaSr Your ironing On Portrayed Candidates Rainy m6air mutair Kuawit oama2012 Oamah2012	m6air mutair Kuawit oama2012 Oamah2012	None	None	Yes Doubled Indeed Was Grains For the gulf His duplicities	Praise Allah In praising his	Khalid Fortunate	alwasemy	English	Arabic	2012-12-23	\N	\N	0	45.34895078	26.50048394
166967321242517504	عاجل : ١٠٧من علماء المسلمين يصدرون بياناً وفتوى حول الأحداث التي تجري في سوريا .	2012-02-07 19:31:26	0	0101000020E6100000700DC74E53534740B5E14D0A35913840	None	None	0	0	None	None	None	None	None	None	None	None	None	None	None	471425722	None	محمد بن صالح المرشد	M_Almarhd	عاجل : ١٠٧من علماء المسلمين يصدرون بياناً وفتوى حول الأحداث التي تجري في سوريا . none none none محمد بن صالح المرشد none none m_almarhd	<a href="http://twitter.com/#!/download/iphone" rel="nofollow">Twitter for iPhone</a>	\N	\N	\N	\N	\N	\N	\N	\N	\N	\N	\N	\N	\N	\N	\N	46.65097985	24.56721558
167347850940911616	@Greenii_Pirate I'm free all week I'm happily unemployed x"D Bs awal ma my fam is free at home w chthy I'll let you know enshalla ;*	2012-02-08 20:43:31	0	0101000020E6100000DFB5D7C47AFD47406DF45A9E414C3D40	None	@Greenii_Pirate	167347418499780609	59209443	Greenii_Pirate	None	None	None	None	None	None	None	None	None	♔بسم الله، بسم الوطن، بسم الأمير♔        \n\nHistory Junkie | Eagles Fan | Rachel Berry Doppelgänger \n\nFounder of Velvet Treats™ http://velvet-treats.tumblr.com/	72327154	State of Kuwait	Lujain Al-Farhan♕	joojoof	@greenii_pirate i'm free all week i'm happily unemployed x"d bs awal ma my fam is free at home w chthy i'll let you know enshalla ;* none @greenii_pirate none lujain al-farhan♕ none ♔بسم الله، بسم الوطن، بسم الأمير♔ history junkie | eagles fan | rachel berry doppelgänger founder of velvet treats™ http://velvet-treats.tumblr.com/ joojoof	<a href="http://tapbots.com/tweetbot" rel="nofollow">Tweetbot for iOS</a>	Greenii_Pirate And " m free all week And " m happily unemployed X " D Bs awal but my fam is free at home in chthy I"ll let you know enshalla *	Greenii_Pirate And " m free all week And " m happily unemployed X " D Bs awal but my fam is free at home in chthy I"ll let you know enshalla *	None	Greenii_Pirate	Greenii_Pirate	♔bsm Allah, To poison Al-Watan, To poison The prince♔ History Junkie Eagles Fan Rachel Berry Double Founder of Velvet Treats™ http velvet-treats tumblr with	State of Kuwait	Lujain Al-Farhan♕	joojoof	English	Polish,French,(Indonesian),Italian,German	2012-12-23	\N	\N	0.4	47.98030911	29.29787626
166964697797623808	“@nani_1414: @OMAR_ALOBAISAN مو الحسه انا من الاحساء شكرا ع فدوتك لنا”\n\n\nتنطقونها الحسه \n\nخخخخ لعيون التون	2012-02-07 19:21:00	0	0101000020E610000049937B4F9F6047405850DEE8DFC43840	None	@nani_1414 @OMAR_ALOBAISAN	0	0	None	None	None	None	None	None	None	None	None	None	اعيش في كوكبي الخاص !  \nاحب ( الملوخيه )  و أهم مافي يومي ( القيلوله ) مهتم بكل ما يحدث حولي ..  تغريدي من خط ايدي .. يالله حيهم .. تقهووا	322107200	قدر الملوخية	عمر عبدالرحمن	OMAR_ALOBAISAN	“@nani_1414: @omar_alobaisan مو الحسه انا من الاحساء شكرا ع فدوتك لنا” تنطقونها الحسه  خخخخ لعيون التون none @nani_1414 @omar_alobaisan none عمر عبدالرحمن none اعيش في كوكبي الخاص ! احب ( الملوخيه )  و أهم مافي يومي ( القيلوله ) مهتم بكل ما يحدث حولي .. تغريدي من خط ايدي .. يالله حيهم .. تقهووا omar_alobaisan	<a href="http://twitter.com/#!/download/iphone" rel="nofollow">Twitter for iPhone</a>	\N	\N	\N	\N	\N	\N	\N	\N	\N	\N	\N	\N	\N	\N	\N	46.75486177	24.76904159
167020365338509313	ھٓنآگ شخصص ؛دآئماً آضعھٓہ بين قوسيين\n(♡)لٱنھٓ ‏​يختلف عن گل ٱلذين حوولي	2012-02-07 23:02:12	0	0101000020E6100000056BBD5B305A4740304D8DA750C53840	None	None	0	0	None	None	None	None	None	None	None	None	None	None	سبحان الله العظيم	396421633		aboorh	sweet3aboorah	ھٓنآگ شخصص ؛دآئماً آضعھٓہ بين قوسيين (♡)لٱنھٓ ‏​يختلف عن گل ٱلذين حوولي none none none aboorh none سبحان الله العظيم sweet3aboorah	<a href="http://twitter.com/#!/download/iphone" rel="nofollow">Twitter for iPhone</a>	\N	\N	\N	\N	\N	\N	\N	\N	\N	\N	\N	\N	\N	\N	\N	46.70460078	24.77076194
167003445910446081	“@arcfaisal: امرأه هنديه تنجب فريق كرة قدم\n:) \n\n#fact http://t.co/4XeWm2J2”\n\nاووووف والله احس بطنها وايت موب بطن ،،	2012-02-07 21:54:58	0	0101000020E6100000A4A42CE862CE4340E4835CB1D8783840	#fact	@arcfaisal	0	0	None	http://twitter.com/arcfaisal/status/166951024731492354/photo/1	None	None	None	None	None	None	None	None	انسان بسيط وفقير ومُحِب،وسطي في الدين والدنيا وضد التَزمُتْ بكافة انواعة,اعمل بمجال التوظيف بكبرى الشركات الغذائية بالمملكة واشجع العميد،أحب٠٦واحارشهم	116523402	Riyadh	MisyarAlotaibiفإجازة	Misyar_Alotaibi	“@arcfaisal: امرأه هنديه تنجب فريق كرة قدم :) #fact http://t.co/4xewm2j2” اووووف والله احس بطنها وايت موب بطن ،، #fact @arcfaisal none misyaralotaibiفإجازة none انسان بسيط وفقير ومُحِب،وسطي في الدين والدنيا وضد التَزمُتْ بكافة انواعة,اعمل بمجال التوظيف بكبرى الشركات الغذائية بالمملكة واشجع العميد،أحب٠٦واحارشهم misyar_alotaibi	<a href="http://twitter.com/#!/download/iphone" rel="nofollow">Twitter for iPhone</a>	\N	\N	\N	\N	\N	\N	\N	\N	\N	\N	\N	\N	\N	\N	\N	39.6123934	24.47205647
166980997848645632	@ActionYaDawry  والله يالفودة انه اثبت بمالايدع مجال للشك انه كذاب ومنافق او انه لايفهم بالتحكيم	2012-02-07 20:25:46	0	0101000020E6100000C4C29CE2E9A0434056ADD8A192743540	None	@ActionYaDawry	166978362315771904	404063624	ActionYaDawry	None	None	None	None	None	None	None	None	None	None	426796662	None	عبدالرحمن	Almohtar220Asd	@actionyadawry والله يالفودة انه اثبت بمالايدع مجال للشك انه كذاب ومنافق او انه لايفهم بالتحكيم none @actionyadawry none عبدالرحمن none none almohtar220asd	<a href="http://twitter.com/#!/download/iphone" rel="nofollow">Twitter for iPhone</a>	\N	\N	\N	\N	\N	\N	\N	\N	\N	\N	\N	\N	\N	\N	\N	39.25713761	21.45536243
167347848453701632	“@nickcoppack: Can't wait for Harry Redknapp to take the job and see who he tries to sign for England in the next transfer window.” LOL	2012-02-08 20:43:30	0	0101000020E6100000C3CAD37FF7F947402A615C6045453D40	None	@nickcoppack	0	0	None	None	None	None	None	None	None	None	None	None	GUST student. Majoring in Finance. Influenced by Kobe Bryant, Michael Jordan and Amr Diab. Big fan of Manchester United.	248673690	Kuwait	Mohammed Ayoub	MJ__Ayoub	“@nickcoppack: can't wait for harry redknapp to take the job and see who he tries to sign for england in the next transfer window.” lol none @nickcoppack none mohammed ayoub none gust student. majoring in finance. influenced by kobe bryant, michael jordan and amr diab. big fan of manchester united. mj__ayoub	<a href="http://twitter.com/#!/download/iphone" rel="nofollow">Twitter for iPhone</a>	“ nickcoppack Can"t wait for Harry Redknapp to take the job and see who he tries to sign for England in the next transfer window ” LOL	“ nickcoppack Can"t wait for Harry Redknapp to take the job and see who he tries to sign for England in the next transfer window ” LOL	None	nickcoppack	None	GUST student Majoring in Finance Influenced by Kobe Bryant Michael Jordan and Amr Diab Big fan of Manchester United	Kuwait	Mohammed Ayoub	MJ__Ayoub	English	(Galican)	2012-12-23	\N	\N	0	47.95286558	29.27058985
167347839360446464	الف مبروك يابوتركي على الفوز في سباق الهجن	2012-02-08 20:43:28	0	0101000020E6100000B38FBA42C4C14740B25DEB9CB0203940	None	None	0	0	None	None	None	None	None	None	None	None	None	None	None	467967746	None	Saad	AbuRomh05	الف مبروك يابوتركي على الفوز في سباق الهجن none none none saad none none aburomh05	<a href="http://twitter.com/download/android" rel="nofollow">Twitter for Android</a>	Thousand mbrwk yaabwtrky on the crossbred winning in race	Thousand mbrwk yaabwtrky On The winning In Race The hybrid	None	None	None	None	None	Saad	AbuRomh05	Arabic	\N	2012-12-23	\N	\N	0.5	47.5138019	25.1276949
167347827591221248	٠٠\n\nاللهم انا لنا اخوان قد تنكر لهم عبد من عبادك\nفسامهم اشد العذاب وتجبر وبغى عليهم\n\nاللهم فانتصر لهم وكن معهم يالله..،\n\n#Syria #Homs #Hama	2012-02-08 20:43:25	0	0101000020E6100000A6176B6E3BFD4640BAB05EDAAA6B3C40	#Syria #Homs #Hama	None	0	0	None	None	None	None	None	None	None	None	None	None	معلم في وزارة التربية والتعليم••.                             اعشق الادبيات حد الثمالة••.                                       اكتب واقرأ ما يروق لي••	384474661	السعودية - حفرالباطن	محسن الشمري	Qwertyuiop2211	٠٠ اللهم انا لنا اخوان قد تنكر لهم عبد من عبادك فسامهم اشد العذاب وتجبر وبغى عليهم اللهم فانتصر لهم وكن معهم يالله..، #syria #homs #hama #syria #homs #hama none none محسن الشمري none معلم في وزارة التربية والتعليم••. اعشق الادبيات حد الثمالة••. اكتب واقرأ ما يروق لي•• qwertyuiop2211	<a href="http://tapbots.com/tweetbot" rel="nofollow">Tweetbot for iOS</a>	٠٠ O God I for us Akhavan The worry Abd be disguised from "ebadk So poisonous their the tough suffering and forces wbGY on them O God so the worry triumphs and is with them yaallh ، Syria Homs Hama	٠٠ O God I For us Akhavan Already Be disguised The worry Worshipped From "ebadk So poisonous their Tightens The suffering Forces wbGY High their O God So triumphed The worry Shelter With them yaallh ، Syria Homs Hama	Syria Homs Hama	None	None	Teacher In Ministry The education The education•• Couples Literary Restricted The residue•• Writes Avowed What Clarifies For me••	Saudi Arabia - HfraalbaaTn	Mohsen Al-Shammari	Qwertyuiop2211	Arabic	English,Farsi,(Catalan),German	2012-12-23	\N	\N	-0.388888888889	45.9783762	28.42057576
166968740200722432	@Dr_alqarnee \nيا شيخ أني عاجز أني التزم بقضاء صلاة الفجر في المسجد . ساعدني بنصيحة	2012-02-07 19:37:04	0	0101000020E6100000DE6EAC38939843403AFF3C2E26833540	None	@Dr_alqarnee	166968145834283008	242245578	Dr_alqarnee	None	None	None	None	None	None	None	None	None	None	185227639	None	aziz	marchoudsa	@dr_alqarnee يا شيخ أني عاجز أني التزم بقضاء صلاة الفجر في المسجد . ساعدني بنصيحة none @dr_alqarnee none aziz none none marchoudsa	<a href="http://twitter.com/#!/download/iphone" rel="nofollow">Twitter for iPhone</a>	\N	\N	\N	\N	\N	\N	\N	\N	\N	\N	\N	\N	\N	\N	\N	39.19199284	21.51230134
167347822457401345	@Meetoo0oo \nانا ويزيد وابو ساير \n\nوابو هندي نتشاور عشان السفر \n\nتقريبا في ٨ من شهر ٥ جهز حالك	2012-02-08 20:43:24	0	0101000020E610000077ED98DBB9174940494F2E1909493A40	None	@Meetoo0oo	167347363264987137	322467031	Meetoo0oo	None	None	None	None	None	None	None	None	None	انا للحياة سعاده بصحبة من يغردون...في كوكب الرقي الذي انتمي له	367604378	None	محمد العلياني	abo_dandan	@meetoo0oo انا ويزيد وابو ساير وابو هندي نتشاور عشان السفر تقريبا في ٨ من شهر ٥ جهز حالك none @meetoo0oo none محمد العلياني none انا للحياة سعاده بصحبة من يغردون...في كوكب الرقي الذي انتمي له abo_dandan	<a href="http://twitter.com/#!/download/iphone" rel="nofollow">Twitter for iPhone</a>	Meetoo0oo I and increases and Abu Other Abu is Indian nests of the trip consult about in ٨ From City ٥ Prepared deep-black	Meetoo0oo I Increases Abu Other Abu Indian Consults Nests The trip About In ٨ From City ٥ Prepared Deep-black	None	Meetoo0oo	Meetoo0oo	I For the life se"aadh Accompanied by From Sings In Planet The progress Who Belonged Have fun	None	Mohammed aale"lyaany	abo_dandan	Arabic	English,Farsi	2012-12-23	\N	\N	-0.125	50.18535943	26.28529508
172742087412944897	@apoygc kimi dovuyoruz kardesim	2012-02-23 17:58:17	0	0101000020E61000003FE67FC978104240D7297F8C731C4240	None	@apoygc	172741142717276160	350533774	apoygc	None	Turkey	TR	Turkey	682c5a667856ef42	Turkey	None	country	http://api.twitter.com/1/geo/id/682c5a667856ef42.json	Hep normal bir insan olmak istedim ama başaramadım o.O	220805437	Dünya'nın öbür ucu	Kağan Aytek Dinçer	KaganAytek	@apoygc kimi dovuyoruz kardesim none @apoygc turkey kağan aytek dinçer turkey hep normal bir insan olmak istedim ama başaramadım o.o kaganaytek	<a href="http://twitter.com/#!/download/iphone" rel="nofollow">Twitter for iPhone</a>	@apoygc Who dovuyoruz Doin"	@apoygc Who dovuyoruz Doin"	None	@apoygc	apoygc	Always normal A Human Emphasis I wanted But başaramadım  	World " of I" m on The tip.	Kağan Aytek Dinçer	KaganAytek	English	Turkish	2012-08-12	\N	\N	0	36.12868613	36.22227627
166980995210420224	@Loljaa mrrra katkoot	2012-02-07 20:25:46	0	0101000020E6100000D631740DAFC3434061AC0C36B7743840	None	@Loljaa	166977849977356288	203472200	Loljaa	None	None	None	None	None	None	None	None	None	5th year medical student,\r\nBorn on 7th Jan\r\nأحب التضاد,يعجبني التعامل مع الناس بذكاء ودهاء ..أعيش يومي فقط ,فاشله اجتماعيا.اقدر محمد عبده	390770750	Madinah	BoshraAlharthi	BoshraAlharthi	@loljaa mrrra katkoot none @loljaa none boshraalharthi none 5th year medical student, born on 7th jan أحب التضاد,يعجبني التعامل مع الناس بذكاء ودهاء ..أعيش يومي فقط ,فاشله اجتماعيا.اقدر محمد عبده boshraalharthi	<a href="http://twitter.com/#!/download/iphone" rel="nofollow">Twitter for iPhone</a>	\N	\N	\N	\N	\N	\N	\N	\N	\N	\N	\N	\N	\N	\N	\N	39.52877968	24.45592058
167347812621750273	@Aldaghmani لي الشرف بمتابعتك	2012-02-08 20:43:22	0	0101000020E6100000E7BF6AD918DC4740ECF4490FBF513D40	None	@Aldaghmani	0	0	None	None	None	None	None	None	None	None	None	None	سياسي محنك ينتمي إلى قبيلة مطير من أهدافي تحقيق الكونفدرالية الأسلامية ونصرة الشعب السوري ودعم وإظهار الحق وهداية وزهق الباطل ومحي الملحدين من الوجود	449940429	Q8	مرزوق الصعيري	Marzoog_305	@aldaghmani لي الشرف بمتابعتك none @aldaghmani none مرزوق الصعيري none سياسي محنك ينتمي إلى قبيلة مطير من أهدافي تحقيق الكونفدرالية الأسلامية ونصرة الشعب السوري ودعم وإظهار الحق وهداية وزهق الباطل ومحي الملحدين من الوجود marzoog_305	<a href="http://twitter.com/#!/download/iphone" rel="nofollow">Twitter for iPhone</a>	Aldaghmani For me your the honor in continuation	Aldaghmani For me The honor In your continuation	None	Aldaghmani	None	Politician Experienced Belongs To Tribe Rainy From My goals Investigation The confederate aal"aslaamyt Victory people The walls Supporting Exposure Followed whdaayt wzhq Invalid Yolks The atheists From The presence	Q8	Marzouk aalSe"yry	Marzoog_305	Arabic	English	2012-12-23	\N	\N	0	47.71950834	29.31932159
167347769349111808	@shALMERSHED \nيلي تقوم الصبح وتطالع جهازك \nيابخت جهازك يوم شاف رسمك\n\nيصبحك كل صبح ويلامس شفاتك\nماهو حسد لكن في القلب حسره	2012-02-08 20:43:12	0	0101000020E61000007164924F97FC474081B2C62CBD533D40	None	@shALMERSHED	167257492043206656	173174837	shALMERSHED	None	None	None	None	None	None	None	None	None	حنا حمينا الدار يوم انها طين وحنا حكمناها بوقت الامارة\n	131621169	ÜT: 29.319166,47.980518	Bo Fahad	Mohamed_Alameer	@shalmershed يلي تقوم الصبح وتطالع جهازك يابخت جهازك يوم شاف رسمك يصبحك كل صبح ويلامس شفاتك ماهو حسد لكن في القلب حسره none @shalmershed none bo fahad none حنا حمينا الدار يوم انها طين وحنا حكمناها بوقت الامارة mohamed_alameer	<a href="http://twitter.com/#!/download/iphone" rel="nofollow">Twitter for iPhone</a>	shALMERSHED Follows the morning straightens and your device reads yaabxt your device healing day your drawing becomes you all Morning Touchs shfaatk maahw envy hit in the turning his fatigue	shALMERSHED Follows Straightens The morning Reads Your device yaabxt Your device Day Healing Your drawing Becomes you All Morning Touchs shfaatk maahw Envied Hit In The turning His fatigue	None	shALMERSHED	shALMERSHED	Long for Protected The house Day Ended Clayed Curved Appoint as ruler her Trumpet The Emirate	ÜT 29 319166 47 980518	Will Fahad	Mohamed_Alameer	Arabic	English,Farsi	2012-12-23	\N	\N	0	47.97336764	29.32710533
166968729224216576	اكبر انجازات محمد بن داخل توقيع العقود وإلغاء العقود الله يعين عشاق هذا الكيان...	2012-02-07 19:37:01	0	0101000020E61000005BE212912BA143403944BB8E616C3540	None	None	0	0	None	None	None	None	None	None	None	None	None	None		378174485		Abdallah	abdallahshehri	اكبر انجازات محمد بن داخل توقيع العقود وإلغاء العقود الله يعين عشاق هذا الكيان... none none none abdallah none abdallahshehri	<a href="http://twitter.com/#!/download/iphone" rel="nofollow">Twitter for iPhone</a>	\N	\N	\N	\N	\N	\N	\N	\N	\N	\N	\N	\N	\N	\N	\N	39.25914205	21.42336361
167347768946462720	أعظم الظلم و والجهل . . !\nأن تطلب التعظيم والتوقير من الناس \nوقلبگ . . . خال من تعظيم الله !\n\n\\" ابن القيم \\"\n#q8	2012-02-08 20:43:11	0	0101000020E6100000FC63CEF159E84740E3C798BB96503D40	#q8	None	0	0	None	None	None	None	None	None	None	None	None	None	فواز فاضل، السلفي معتقداً، الشمري نسباً، الكويتي داراً، الحنبلي مذهباً	233847642	في قلب من احبني	فواز فاضل الشمري	fawaz_ramz	أعظم الظلم و والجهل . . ! أن تطلب التعظيم والتوقير من الناس وقلبگ . . . خال من تعظيم الله ! \\" ابن القيم \\" #q8 #q8 none none فواز فاضل الشمري none فواز فاضل، السلفي معتقداً، الشمري نسباً، الكويتي داراً، الحنبلي مذهباً fawaz_ramz	<a href="http://twitter.com/#!/download/iphone" rel="nofollow">Twitter for iPhone</a>	Bones oppressive And The ignorance "an the glorification and the reverence the people demands wqlbگ uncle from glorification Allah " Son valuable " q8	Glorifies The injustice And The ignorance That Demands The glorification The reverence From The people wqlbگ Uncle From Glorification Allah " Builds The values " q8	q8	None	None	Fawaz Fadil, The ancestors Believed, Al-Shammari Attributed, The Kuwaiti Revolved, aalHnbly Belief	In Turn over From Liked me	Fawaz Fadil Al-Shammari	fawaz_ramz	Arabic	English,Farsi	2012-12-23	\N	\N	0	47.81524489	29.3148
167347758242607105	@1895dxb \nلقيت برغرفيول فاتح ، شكرًا	2012-02-08 20:43:09	0	0101000020E61000001CB179C93D914B40D46E89961B143940	None	@1895dxb	167344250713948160	169623079	1895dxb	None	None	None	None	None	None	None	None	None	I'm Not Superman,i'm a simple man going thru what everyone going thru(LIFE), but i look @ the postive side of things ,So ambitious with an Unorthodox spirit.	22480998	K.S.A - Riyadh	BADER	CHESSMOVE14	@1895dxb لقيت برغرفيول فاتح ، شكرًا none @1895dxb none bader none i'm not superman,i'm a simple man going thru what everyone going thru(life), but i look @ the postive side of things ,so ambitious with an unorthodox spirit. chessmove14	<a href="http://tapbots.com/tweetbot" rel="nofollow">Tweetbot for iOS</a>	1895dxb Found brGrfywl Victorious ، Thanked	1895dxb Found brGrfywl Victorious ، Thanked	None	1895dxb	1895dxb	And " m Not Superman and " m a simple one going thru what everyone going thru LIFE but i look the postive side of things So ambitious with an Unorthodox spirit	K S A - Riyadh	BADER	CHESSMOVE14	Arabic	Spanish,Farsi,English	2012-12-23	\N	\N	0	55.13469809	25.07854596
166989836580962304	http://65.49.33.55/ef/f9/eff972df1f23e16fa7d6c486b4b2d01f/ba124807/eff9_w_2.3gp?PIN:21DD82A9c=116216783&u=659055493&s=BL4_Xo	2012-02-07 21:00:54	0	0101000020E610000006F6B956D2C74B408A1CA6A6F2A03740	None	None	0	0	None	None	None	None	None	None	None	None	None	None	None	389525351	None	alefari rumaidan	Uae1996	http://65.49.33.55/ef/f9/eff972df1f23e16fa7d6c486b4b2d01f/ba124807/eff9_w_2.3gp?pin:21dd82a9c=116216783&u=659055493&s=bl4_xo none none none alefari rumaidan none none uae1996	<a href="http://twitter.com/#!/download/iphone" rel="nofollow">Twitter for iPhone</a>	\N	\N	\N	\N	\N	\N	\N	\N	\N	\N	\N	\N	\N	\N	\N	55.56110653	23.62870256
166975612454576128	@almriseul \n\nhttp://t.co/8DSIiojf لايفوتك المقطع	2012-02-07 20:04:22	0	0101000020E61000008EAF3DB324624740524C39BAA5953840	None	@almriseul	166965773997326337	251352535	almriseul	http://is.gd/H9BFuc	None	None	None	None	None	None	None	None	None	408589493	None	abdulaziz	azzzooozzzy	@almriseul http://t.co/8dsiiojf لايفوتك المقطع none @almriseul none abdulaziz none none azzzooozzzy	<a href="http://twitter.com/#!/download/iphone" rel="nofollow">Twitter for iPhone</a>	\N	\N	\N	\N	\N	\N	\N	\N	\N	\N	\N	\N	\N	\N	\N	46.766745	24.58456005
167347754773913602	لن اعاتب احداً ابدا .. كونوا كما تريدون #Asra3Sre3	2012-02-08 20:43:08	0	0101000020E61000007233DC80CFFF4740E57E87A240573D40	#Asra3Sre3	None	0	0	None	None	None	None	None	None	None	None	None	None	A-N-O-U-D = [A]m [N]ot [O]ut off [U]r [D]reams ☺ // !عنادي يميزني ادري مضيعني بس طبعي وعاجبني	263798707	Kw	Anoud Allogani ♥Y♂	3anoodo	لن اعاتب احداً ابدا .. كونوا كما تريدون #asra3sre3 #asra3sre3 none none anoud allogani ♥y♂ none a-n-o-u-d = [a]m [n]ot [o]ut off [u]r [d]reams ☺ // !عنادي يميزني ادري مضيعني بس طبعي وعاجبني 3anoodo	<a href="http://blackberry.com/twitter" rel="nofollow">Twitter for BlackBerry®</a>	aae"aatb one never formed just as wants Asra3Sre3	 aae"aatb One Never Formed Just as Wants Asra3Sre3	Asra3Sre3	None	None	A-N-O-U-D = A m NR ot  ut off In r D reams ☺ Stubborness Distinguishes me Runs me mDye"ny Enough Natural we"aajbny	KW	Anoud Allogani ♥Y♂	3anoodo	Arabic	English	2012-12-23	\N	\N	0	47.99852	29.34083
166970504207548416	@BreikatAbdullah So you're coming to Dubai soon right?	2012-02-07 19:44:05	0	0101000020E6100000E7F05A536A2D4B40923534AF347A3840	None	@BreikatAbdullah	166969356796952576	331881415	BreikatAbdullah	None	None	None	None	None	None	None	None	None	I got artificial intelligence so don't try to overcome me .. @MassariOnline Biggest Fan	123355473	Amman and Abu Dhabi 	Anas Rizeq	aRizeq	@breikatabdullah so you're coming to dubai soon right? none @breikatabdullah none anas rizeq none i got artificial intelligence so don't try to overcome me .. @massarionline biggest fan arizeq	<a href="http://twitter.com/download/android" rel="nofollow">Twitter for Android</a>	\N	\N	\N	\N	\N	\N	\N	\N	\N	\N	\N	\N	\N	\N	\N	54.3548073	24.4773664
167347752144093186	@Abdulaziz_Ghali hhahahahha chub	2012-02-08 20:43:07	0	0101000020E610000096E703FA2BC44940A51C06D249493940	None	@Abdulaziz_Ghali	167233347171524608	257555103	Abdulaziz_Ghali	None	None	None	None	None	None	None	None	None	Im a Contracts and Civil Engineer who likes the simpler things in life.  والأهم فيروزي 100%	32760414	ÜT: 25.286649,51.532557	Mohammed Al-Jufairi	Halawala	@abdulaziz_ghali hhahahahha chub none @abdulaziz_ghali none mohammed al-jufairi none im a contracts and civil engineer who likes the simpler things in life. والأهم فيروزي 100% halawala	<a href="http://twitter.com/#!/download/iphone" rel="nofollow">Twitter for iPhone</a>	Abdulaziz_Ghali hhahahahha chub	Abdulaziz_Ghali hhahahahha chub	None	Abdulaziz_Ghali	Abdulaziz_Ghali	In a Contracts and Civil Engineer who likes the simpler things in life Important Turquoises 100%	ÜT 25 286649 51 532557	Mohammed Al-Jufairi	Halawala	English	French	2012-12-23	\N	\N	0	51.53259206	25.28628266
167347737040404480	“@suliman6566: للتبرع لسوريا\nالهيئة الخيرية\n١٨٠٨٣٠٠\n\nجمعية النوري\n١٨٠٢٤٤٤\n\nجمعية فهد الاحمد\n٦٦٧٧٩٣٤٦\n\nدكتور شافي\n٩٩٦٧٧٧٦٢\n\n#kuwait #Syira \n”	2012-02-08 20:43:04	0	0101000020E610000064134F2CA60748402C8F24F72A4B3D40	#kuwait #Syira	@suliman6566	0	0	None	None	None	None	None	None	None	None	None	None	( مغرد اسلامي ) فهد الدغام	366708198	الكويت	فهد الدغام 	fahad_aldgam	“@suliman6566: للتبرع لسوريا الهيئة الخيرية ١٨٠٨٣٠٠ جمعية النوري ١٨٠٢٤٤٤ جمعية فهد الاحمد ٦٦٧٧٩٣٤٦ دكتور شافي ٩٩٦٧٧٧٦٢ #kuwait #syira ” #kuwait #syira @suliman6566 none فهد الدغام  none ( مغرد اسلامي ) فهد الدغام fahad_aldgam	<a href="http://twitter.com/#!/download/iphone" rel="nofollow">Twitter for iPhone</a>	“ suliman6566 For the beautiful contribution the poles charitable ١٨٠٨٣٠٠ Association of the lights ١٨٠٢٤٤٤ Association of Fahad Al-Ahmad ٦٦٧٧٩٣٤٦ Healing doctor ٩٩٦٧٧٧٦٢ kuwait Syira ”	“ suliman6566 For the contribution The Syrian The organization Charitable ١٨٠٨٣٠٠ Association The lights ١٨٠٢٤٤٤ Association Fahad Al-Ahmad ٦٦٧٧٩٣٤٦ Doctor Healing ٩٩٦٧٧٧٦٢ kuwait Syira ”	kuwait Syira	suliman6566	None	Singing Islam  Fahad aaldGaam 	Kuwait	 Fahad aaldGaam 	fahad_aldgam	Arabic	English	2012-12-23	\N	\N	0.76	48.0597587	29.29362435
167347710146527233	Elyom moody zft o bdal ma Omy t3dl'h zft'h akthr o akthr ! #ThankYouMum -.-"	2012-02-08 20:42:57	0	0101000020E6100000B4686C75DACD4940BC35FAE29C2F3940	#ThankYouMum	None	0	0	None	None	None	None	None	None	None	None	None	None	كآنـك تـبي الـزيـن كلـه والصآحب الى ماتملـه .. درب [الوكـرة] لازم تـدلـه ♥ ;)..Queen of May ;$ .. HALA MADRID ♔.. GGMU .. ALRAYYAN *-* VAMOS RAFA !! ♥	401390716	AlWakra - Qatar ♡	Aisha Almuftah ♡	3asha_10	elyom moody zft o bdal ma omy t3dl'h zft'h akthr o akthr ! #thankyoumum -.-" #thankyoumum none none aisha almuftah ♡ none كآنـك تـبي الـزيـن كلـه والصآحب الى ماتملـه .. درب [الوكـرة] لازم تـدلـه ♥ ;)..queen of may ;$ .. hala madrid ♔.. ggmu .. alrayyan *-* vamos rafa !! ♥ 3asha_10	<a href="http://twitter.com/#!/download/iphone" rel="nofollow">Twitter for iPhone</a>	Elyom moody zft  bdal but Omy t3dl " H zft " H akthr  akthr ThankYouMum - -"	Elyom moody zft  bdal but Omy t3dl " H zft " H akthr  akthr ThankYouMum - -"	ThankYouMum	None	None	As your time Repents me Al-Zein All him waalSEEHb To maatmlh Trained aalwkrt Necessary Indicates him ♥ Queen of May HALA MADRID ♔ GGMU ALRAYYAN *-* WE GO RAFA ♥	AlWakra - Qatar ♡	Aisha Almuftah ♡	3asha_10	English	Portuguese,French,Italian	2012-12-23	\N	\N	0	51.60822933	25.18598765
172756489000329217	Mustafa yumlu asiri hata yapiyor	2012-02-23 18:55:31	0	0101000020E61000000C9AF1110C2F424042D1973938404240	None	None	0	0	None	None	Turkey	TR	Turkey	682c5a667856ef42	Turkey	None	country	http://api.twitter.com/1/geo/id/682c5a667856ef42.json	Trabzon ve Trabzonspor Aşığı :)	398599287	Trabzon/Hatay/Van	Mehmet Ziya Bahadır	mehmetbhdr61	mustafa yumlu asiri hata yapiyor none none turkey mehmet ziya bahadır turkey trabzon ve trabzonspor aşığı :) mehmetbhdr61	<a href="http://blackberry.com/twitter" rel="nofollow">Twitter for BlackBerry®</a>	Mustafa yumlu asiri hata ,	Mustafa yumlu asiri hata ,	None	None	None	Trabzon And. .. Trabzonspor Happened )	Trabzon Hatay Of	Mehmet Ziya Bahadır	mehmetbhdr61	Turkish	English,(Swahili)	2012-08-12	\N	\N	0	36.36755585	36.50171585
166970505444859905	ضايع وسط الهواجس و الظلام\n\nفي عيونه ياااه .. يا كثر الهموم	2012-02-07 19:44:05	0	0101000020E610000063B83A0062614740AA3CEC4B57D03840	None	None	0	0	None	None	None	None	None	None	None	None	None	None	الإنـسـان دون أمـل كـنـبـات دون مـاء ..... ودون إبـتـسـامـة كـوردة دون رائـحـة \r\nالانـسـان دون إيـمـان وحـش فـي قـطـيـع لا يـرحـم	47347650	Riyadh	فيصل القاسم	AlQasimFaisal	ضايع وسط الهواجس و الظلام في عيونه ياااه .. يا كثر الهموم none none none فيصل القاسم none الإنـسـان دون أمـل كـنـبـات دون مـاء ..... ودون إبـتـسـامـة كـوردة دون رائـحـة الانـسـان دون إيـمـان وحـش فـي قـطـيـع لا يـرحـم alqasimfaisal	<a href="http://twitter.com/#!/download/iphone" rel="nofollow">Twitter for iPhone</a>	\N	\N	\N	\N	\N	\N	\N	\N	\N	\N	\N	\N	\N	\N	\N	46.76080325	24.81383204
167347704769421312	@iPoonampandey is on 50 most desirable women in india list #36	2012-02-08 20:42:56	0	0101000020E6100000E883656CE807484082435EC598543D40	None	@iPoonampandey	0	0	None	None	None	None	None	None	None	None	None	None	Banking by Profession\r\nMovie Maniac by Choice \r\nI hope the two gel well so i dont screw my life :)\r\n#uglytruth 	63955448	Sand Castle @  Kuwait & Bombay	Abbas Ali 	its_me_abyss	@ipoonampandey is on 50 most desirable women in india list #36 none @ipoonampandey none abbas ali none banking by profession movie maniac by choice i hope the two gel well so i dont screw my life :) #uglytruth its_me_abyss	<a href="http://www.tweetcaster.com" rel="nofollow">TweetCaster for Android</a>	iPoonampandey is on 50 most desirable women in india list 36	iPoonampandey is on 50 most desirable women in india list 36	None	iPoonampandey	None	Banking by Profession Movie Maniac by Choice I hope the two gel well so i of which screw my life uglytruth	Sand Castle Kuwait Bombay	Abbas Ali	its_me_abyss	English	\N	2012-12-23	\N	\N	0.5	48.0617805	29.3304561
167347667750486016	: القلب يشكي غيابك وانت ماتدري\nوالع'ين من ساعة التوديع مارتاحت\n\nكفيت حزني عن العذال في صدري\nوحاولت في دمعتي لكنها طاحت”🌹	2012-02-08 20:42:47	0	0101000020E6100000C3F0745BE0114940323CF6B358663A40	None	None	0	0	None	None	None	None	None	None	None	None	None	None	بعض البشر لا راح فرقاه منسي وبعض البشر أن غاب عني تضايقت  وش فايده تقسي والأيام تقسي ودك نعيش البُعد ونضيع الوقت ؟؟  	451663615	None	abu noorh	AbuNirh	: القلب يشكي غيابك وانت ماتدري والع'ين من ساعة التوديع مارتاحت كفيت حزني عن العذال في صدري وحاولت في دمعتي لكنها طاحت”🌹 none none none abu noorh none بعض البشر لا راح فرقاه منسي وبعض البشر أن غاب عني تضايقت وش فايده تقسي والأيام تقسي ودك نعيش البُعد ونضيع الوقت ؟؟ abunirh	<a href="http://twitter.com/#!/download/iphone" rel="nofollow">Twitter for iPhone</a>	The turning complains your absence Van maatdry waale" " yen from hour the farewell maartaaHt sadnesses sufficed about aale"dhaal in chest and her tears tried in for shelter wandered” 🌹	The turning Complains Your absence Van maatdry waale" " yen From Hour The farewell maartaaHt Sufficed Sadnesses About aale"dhaal In Chest Tried In Tears For her shelter Wandered” 🌹	None	None	None	Some The human being  Went So charmed him Forgotten Some The human being That Vanished Meant tDaayqt wsh Profit Hardens The days Hardens Your affection Lives The distance Get lost The time ؟؟	None	abu noorh	AbuNirh	Arabic	Farsi	2012-12-23	\N	\N	0	50.13965934	26.399791
167347644354658304	“@WardtOtaiba: ،\n\n\nعلمتني كيف أعشقك وأتمنـآك..،\n\nونسيت مآ علمتنـي كيـف / أتوبـك..!!\n\n\n\n.،”\n\nياسلام عليج	2012-02-08 20:42:42	0	0101000020E61000006BABA3F4161548405CD1DEC76EF03C40	None	@WardtOtaiba	0	0	None	None	None	None	None	None	None	None	None	None	None	366265700	Kuwait	بندر العتيبي	Bandar_Otaibi	“@wardtotaiba: ، علمتني كيف أعشقك وأتمنـآك..، ونسيت مآ علمتنـي كيـف / أتوبـك..!! .،” ياسلام عليج none @wardtotaiba none بندر العتيبي none none bandar_otaibi	<a href="http://twitter.com/#!/download/iphone" rel="nofollow">Twitter for iPhone</a>	“ WardtOtaiba ، Knew me how enamored your w"atmnEEk ، Forgot mEE knew me how repents you ،”   yaaslaam e"lyj	“ WardtOtaiba ، Knew me How Enamored your w"atmnEEk ، Forgot mEE Knew me How Repents you ،”   yaaslaam e"lyj	None	WardtOtaiba	None	None	Kuwait	Seaport Al-Otaibi	Bandar_Otaibi	Arabic	English	2012-12-23	\N	\N	0	48.16476305	28.93919038
166975605051629568	At @benjacob — http://t.co/4vUuOOnp	2012-02-07 20:04:21	0	0101000020E6100000EFB902C0677A524042AA72EB7F913240	None	@benjacob	0	0	None	http://path.com/p/3UBDdZ	None	None	None	None	None	None	None	None	Designer, Antisocial, roughly 12 tweets a day.	8833242	--	Ben Jacob	benjacob	at @benjacob — http://t.co/4vuuoonp none @benjacob none ben jacob none designer, antisocial, roughly 12 tweets a day. benjacob	<a href="http://path.com/" rel="nofollow">Path 2.0</a>	At benjacob — http t co 4vUuOOnp	At benjacob — http t co 4vUuOOnp	None	benjacob	None	Designer Antisocial roughly 12 tweets a day	--	Ben Jacob	benjacob	English	\N	2012-12-24	\N	\N	0	73.9125824	18.56835815
167003406551089153	I'm at Dawar el-Omda http://t.co/dKo0PyJh	2012-02-07 21:54:49	0	0101000020E61000001A0C7DC9A9D64040C5FFA18945653B40	None	None	0	0	None	http://4sq.com/zhzMsj	None	None	None	None	None	None	None	None	None	387589896	el Gouna/Egypt	Thomas Gross	ThomasGross3	i'm at dawar el-omda http://t.co/dko0pyjh none none none thomas gross none none thomasgross3	<a href="http://foursquare.com" rel="nofollow">foursquare</a>	I'm at Dawar ell-Omda http://t.co/dKo0PyJh	\N	None	None	None	None	el Gouna/Egypt	Thomas Gross	ThomasGross3	English	Polish,Dutch,Spanish,German	2013-01-18	\N	\N	0	33.67705649	27.39559231
167347642664366080	@falsaai omg how can u buy this a9lan in the first place!!! U need @joanrivers ASAP	2012-02-08 20:42:41	0	0101000020E61000007938473E2BC44940411F97FE46493940	None	@falsaai @JoanRivers	167347032653176832	38740971	falsaai	None	None	None	None	None	None	None	None	None	Im a Contracts and Civil Engineer who likes the simpler things in life.  والأهم فيروزي 100%	32760414	ÜT: 25.286649,51.532557	Mohammed Al-Jufairi	Halawala	@falsaai omg how can u buy this a9lan in the first place!!! u need @joanrivers asap none @falsaai @joanrivers none mohammed al-jufairi none im a contracts and civil engineer who likes the simpler things in life. والأهم فيروزي 100% halawala	<a href="http://twitter.com/#!/download/iphone" rel="nofollow">Twitter for iPhone</a>	falsaai omg how can in buy this a9lan in the first place In need joanrivers ASAP	falsaai omg how can in buy this a9lan in the first place In need joanrivers ASAP	None	falsaai JoanRivers	falsaai	In a Contracts and Civil Engineer who likes the simpler things in life Important Turquoises 100%	ÜT 25 286649 51 532557	Mohammed Al-Jufairi	Halawala	English	Croatian	2012-12-23	\N	\N	0.25	51.53256968	25.28623954
166970505209978881	@5o0o5ah7  والله العظيم اهنيك على برود اعصابك بس انا رافع ضغطي الكلاب الي تنبح في الوقت الي تحبه هي والاعلامي الي في خط السته ابو شنب  يتبع	2012-02-07 19:44:05	0	0101000020E61000000953944BE3CC4340EEC1B52451733840	None	@5o0o5ah7	166969671550124032	358522984	5o0o5ah7	None	None	None	None	None	None	None	None	None	من صغر سني وانا اهلاوي 	392979390		 black soor	wwFBIWww	@5o0o5ah7 والله العظيم اهنيك على برود اعصابك بس انا رافع ضغطي الكلاب الي تنبح في الوقت الي تحبه هي والاعلامي الي في خط السته ابو شنب يتبع none @5o0o5ah7 none black soor none من صغر سني وانا اهلاوي wwfbiwww	<a href="http://twitter.com/download/android" rel="nofollow">Twitter for Android</a>	\N	\N	\N	\N	\N	\N	\N	\N	\N	\N	\N	\N	\N	\N	\N	39.6006865	24.4504569
167347634955235328	I'm at Shari3 El-7ub http://t.co/4iUFeQYY	2012-02-08 20:42:40	0	0101000020E61000005C47EA77C0004840465DCE190F5C3D40	None	None	0	0	None	http://4sq.com/wYrLzW	None	None	None	None	None	None	None	None	my age : 14\\6\\1994 »»» 17 | my tweets  apple  news & Some broadcast | My BB PiN: AsK me |	90473857	29.31626,47.873641	Nasser M. Kanderi	Ro7Q8	i'm at shari3 el-7ub http://t.co/4iufeqyy none none none nasser m. kanderi none my age : 14\\6\\1994 »»» 17 | my tweets  apple  news & some broadcast | my bb pin: ask me | ro7q8	<a href="http://foursquare.com" rel="nofollow">foursquare</a>	And " m at Shari3 El-7ub http t co 4iUFeQYY	And " m at Shari3 El-7ub http t co 4iUFeQYY	None	None	None	my age 14 6 1994 »»» 17 my tweets  apple  news Some broadcast My BB PiN AsK me	29 31626 47 873641	Nasser M Kanderi	Ro7Q8	English	Polish,Spanish	2012-12-23	\N	\N	0	48.00587367	29.35960542
167347625580961793	‏​‏​‏​‏​‏​علمتني امي:\n علمتني الصبر \nخل الناس يروحون واوريك شغلك 😡\n\nعلمتني الترقب\nخل أبوك يجي والله لأقوله ، وشف وش يبي يسوي فيك 😔	2012-02-08 20:42:37	0	0101000020E6100000793F2CA3AAC049409D91521A7B3F3940	None	None	0	0	None	None	None	None	None	None	None	None	None	None	آسٓتغْڤراللهْ ~	448232495	Qatar	Meme	Mesho__7	‏​‏​‏​‏​‏​علمتني امي: علمتني الصبر خل الناس يروحون واوريك شغلك 😡 علمتني الترقب خل أبوك يجي والله لأقوله ، وشف وش يبي يسوي فيك 😔 none none none meme none آسٓتغْڤراللهْ ~ mesho__7	<a href="http://twitter.com/#!/download/iphone" rel="nofollow">Twitter for iPhone</a>	Knew me illiterate knew me the aloe uncle of the people goes and hides you your worker 😡 Knew me the expecting is uncle refused you yjy and Allah for statements his ، Gauze wsh yby level off in you 😔	Knew me Illiterate Knew me The aloe Uncle The people Goes Hides you Your worker 😡 Knew me The expecting Uncle Refused you yjy Allah For his statements ، Gauze wsh yby Level off In you 😔	None	None	None	EEsٓtGڤraallh ~	Qatar	Same	Mesho__7	Arabic	English	2012-12-23	\N	\N	0	51.50520744	25.24797215
167347578101436416	@El7mn_92 كان القصد انتقال مباشر ، مثل قضية ڤييرا و ابرا و بيرلو و سيدورف ..	2012-02-08 20:42:26	0	0101000020E6100000934B0C978F024840E29F0898AF593D40	None	@El7mn_92	167346271391199232	301886796	El7mn_92	None	None	None	None	None	None	None	None	None	Mahdi Al-Tamimi, Future Engineer, AUM Student, From Kuwait, Future Writter & That's All, The Favourites Are #ByMe,  Wanna Keep In Touch? Add Me 28ACCE1F	281120282	Kuwait	Mahdi Al Tamimi	Mahdi_Tamimi	@el7mn_92 كان القصد انتقال مباشر ، مثل قضية ڤييرا و ابرا و بيرلو و سيدورف .. none @el7mn_92 none mahdi al tamimi none mahdi al-tamimi, future engineer, aum student, from kuwait, future writter & that's all, the favourites are #byme, wanna keep in touch? add me 28acce1f mahdi_tamimi	<a href="http://tapbots.com/tweetbot" rel="nofollow">Tweetbot for iOS</a>	El7mn_92 The intention was Transfer Court usher ، Like case ڤyyraa And Acquits And byrlw And sydwrf	El7mn_92 Was The intention Transfer Court usher ، Like Case ڤyyraa And Acquits And byrlw And sydwrf	None	El7mn_92	El7mn_92	Mahdi Al-Tamimi Future Engineer AUM Student From Kuwait Future Writter That"s All The Favourites Are ByMe Wanna Keep In Touch Add Me 28ACCE1F	Kuwait	Mahdi To Tamimi	Mahdi_Tamimi	Arabic	Farsi,English	2012-12-23	\N	\N	0	48.02000702	29.3503356
167020304542072832	@EngFaris1 كبير يا باشا .. وتعزيم سلام لسيادتك :-)	2012-02-07 23:01:58	0	0101000020E6100000AD6818E368CA4340711A47510C753840	None	@EngFaris1	167019803788324866	295906264	EngFaris1	None	None	None	None	None	None	None	None	None	خطاي إني إذا حبيّت أحب بكلـ مافيني .. 	218445355	Almadinah Almonawra	EngMahmoud Almokhtar	MahmodAlmokhtar	@engfaris1 كبير يا باشا .. وتعزيم سلام لسيادتك :-) none @engfaris1 none engmahmoud almokhtar none خطاي إني إذا حبيّت أحب بكلـ مافيني .. mahmodalmokhtar	<a href="http://twitter.com/download/android" rel="nofollow">Twitter for Android</a>	\N	\N	\N	\N	\N	\N	\N	\N	\N	\N	\N	\N	\N	\N	\N	39.5813259	24.4572192
166980974893215745	@iEDTC @uae_barq سمعت هذا السبب.. و إذا كان صح فعلى الطلاب انهم يختارون بين السفر مع الأهل أو التفوق في الكلية	2012-02-07 20:25:41	0	0101000020E6100000C0CFB870205C4B40904946CEC23E3840	None	@iEDTC @UAE_BARQ	166979183786999811	274356175	iEDTC	None	None	None	None	None	None	None	None	None	Sudent at school of engineering.                                                                                A fan of Manchester City ;)\r Music, New places\r	345497955	Minneapolis | A.D.	Talal Alhammadi	Talal_AD	@iedtc @uae_barq سمعت هذا السبب.. و إذا كان صح فعلى الطلاب انهم يختارون بين السفر مع الأهل أو التفوق في الكلية none @iedtc @uae_barq none talal alhammadi none sudent at school of engineering. a fan of manchester city ;) music, new places talal_ad	<a href="http://blackberry.com/twitter" rel="nofollow">Twitter for BlackBerry®</a>	\N	\N	\N	\N	\N	\N	\N	\N	\N	\N	\N	\N	\N	\N	\N	54.71974	24.24516
166972527535587328	رئيس جمعية الصداقة الروسية العربية ماتازوف يدافع بشدة عن نظام بشار والدعم الروسي له ..!	2012-02-07 19:52:07	0	0101000020E61000007505785EEC3F444071164042DE6F3540	None	None	0	0	None	None	None	None	None	None	None	None	None	None	 صحافي بجريدة الشرق الأوسط أمثلها في الطائف ولكن هنا أمثل قناعاتي الخاصة فقط    \r\nمهتم بنشر القيم والإيجابية أبحث عن المفيد دوما..أما السلبي فترك لمن يحتاجه..!!	226585170	falh989@hotmail.com	فالح القثامي 	faleh989	رئيس جمعية الصداقة الروسية العربية ماتازوف يدافع بشدة عن نظام بشار والدعم الروسي له ..! none none none فالح القثامي none صحافي بجريدة الشرق الأوسط أمثلها في الطائف ولكن هنا أمثل قناعاتي الخاصة فقط مهتم بنشر القيم والإيجابية أبحث عن المفيد دوما..أما السلبي فترك لمن يحتاجه..!! faleh989	<a href="http://twitter.com/#!/download/iphone" rel="nofollow">Twitter for iPhone</a>	\N	\N	\N	\N	\N	\N	\N	\N	\N	\N	\N	\N	\N	\N	\N	40.49940091	21.43698515
172446422250168321	RT @Alwashi7i: تويتر يشتعل\nالظاهر السيد شوّر بينا\nرحنا ملح \n\n\n😃😃😃😃😃😃 \nاكسر بيضتين على ايفونك وشفائن ان شااءالله	2012-02-22 22:23:25	0	0101000020E61000007DAF21382EA34B406268757286323940	None	@Alwashi7i	0	0	None	None	None	None	None	None	None	None	None	None	طالب قانون ومدون كويتي في بلوقر واسعى الى كسب اكبر عدد من الاصدقاء على الشبكة العنكبوتيه لتبادل الاراء ومناقشة وجهات النظر وكسب الفائدهwww.facebook.com/alm7elbi	249316713	جنة الدنيا تقوى الله	سالم المحيلبي	ALm7eLbi	rt @alwashi7i: تويتر يشتعل الظاهر السيد شوّر بينا رحنا ملح 😃😃😃😃😃😃 اكسر بيضتين على ايفونك وشفائن ان شااءالله none @alwashi7i none سالم المحيلبي none طالب قانون ومدون كويتي في بلوقر واسعى الى كسب اكبر عدد من الاصدقاء على الشبكة العنكبوتيه لتبادل الاراء ومناقشة وجهات النظر وكسب الفائدهwww.facebook.com/alm7elbi alm7elbi	<a href="http://www.handmark.com" rel="nofollow">TweetCaster for iOS</a>	RT Alwashi7i Twitter flames the apparent gentleman is Shure showed went salty 😃😃😃😃😃😃 Eggs break on aayfwnk wshfaay"n that shaaaa"aallh	RT Alwashi7i Twitter Flames Apparent The gentleman Shure Showed Went Salted 😃😃😃😃😃😃 Breaks Eggs On aayfwnk wshfaay"n That shaaaa"aallh	None	Alwashi7i	None	Demanded Law Recorded Kuwaiti In In the burden Wide To Business Enlarges Enumerated From The friends On The net aale"nkbwtyh To exchanged The opinions Discussion Directions The sight Gaining aalfaay"dh www facebook with alm7elbi	Paradise The life Strengthens Allah	Make peace with aalmHylby	ALm7eLbi	Arabic	English	2013-01-08	\N	\N	0.166666666667	55.274848	25.197364
172597282317942785	I'm at Mall Of Emirates (Dubai) http://t.co/idgoFduE	2012-02-23 08:22:53	0	0101000020E6100000F6717ED470994B40FEF035FC551E3940	None	None	0	0	None	http://4sq.com/xbBcrM	None	None	None	None	None	None	None	None		249095972	Lefkosa, Cyprus	Emir H. KAYNAK	emirhkaynak	i'm at mall of emirates (dubai) http://t.co/idgofdue none none none emir h. kaynak none emirhkaynak	<a href="http://foursquare.com" rel="nofollow">foursquare</a>	And " m at Mall Of Emirates Dubai http t co idgoFduE	And " m at Mall Of Emirates Dubai http t co idgoFduE	None	None	None		Lefkosa Cyprus	Emir H Source	emirhkaynak	English	Polish	2013-01-08	\N	\N	0	55.1987558	25.11849953
167347567271743489	I'm at جمعية صباح السالم (السوق المركزي ٣) http://t.co/DNfyrsWc	2012-02-08 20:42:23	0	0101000020E61000004BF1A77CBE0948401C15AC2F1A423D40	None	None	0	0	None	http://4sq.com/AzTkLw	None	None	None	None	None	None	None	None	رآئعہ..ٺلگِ آلقنآعہَ آلتي ٺملئني ﺑـأني لسَٺ آفضِل من غِيري!ولگني آملگ قنآعہَ قويہَ ٺجعلني آرفض مقآرنة نفسي ﺑـأحد..	163496084	♥♡κυшαιτ♡♥	ⓎⓢⓞⓄⓞⒻ ⒼⓡⓞⓄⓞⒻ	iYS00F	i'm at جمعية صباح السالم (السوق المركزي ٣) http://t.co/dnfyrswc none none none ⓎⓢⓞⓄⓞⒻ ⒼⓡⓞⓄⓞⒻ none رآئعہ..ٺلگِ آلقنآعہَ آلتي ٺملئني ﺑـأني لسَٺ آفضِل من غِيري!ولگني آملگ قنآعہَ قويہَ ٺجعلني آرفض مقآرنة نفسي ﺑـأحد.. iys00f	<a href="http://foursquare.com" rel="nofollow">foursquare</a>	And " m at Association morning of central Al-Salem the market ٣ http t co DNfyrsWc	And " m at Association Morning Al-Salem The market The centers ٣ http t co DNfyrsWc	None	None	None	rEEy"e"ہ ٺlگi EElqnEEe"ہa Machines ٺmly"ny Building lsaٺ EEfDil From Unselfish wlگny EEmlگ qnEEe"ہa qwyہa ٺje"lny EErfD mqEErnt Breaths In one of	♥♡κυшαιτ♡♥	ⓎⓢⓞⓄⓞⒻ ⒼⓡⓞⓄⓞⒻ	iYS00F	English	Arabic,Polish	2012-12-23	\N	\N	0	48.0761257	29.25821207
171309875828236288	“@kawtharoff: \n١   ضربني وبكا سبقئني واشتكى\n٢   اللي ايده بالماي نو مثل اللي ايده بالنار\n٣   الشاذي بعين امه غزال\n٤	2012-02-19 19:07:11	0	0101000020E610000036A17B9C0A044840EC766AEC1A523D40	None	@kawtharoff	0	0	None	None	None	None	None	None	None	None	None	None	None	294666124	jabriya. kuwait	Maitham Mandani	MaithamMandani	“@kawtharoff: ١ ضربني وبكا سبقئني واشتكى ٢ اللي ايده بالماي نو مثل اللي ايده بالنار ٣ الشاذي بعين امه غزال ٤ none @kawtharoff none maitham mandani none none maithammandani	<a href="http://twitter.com/#!/download/iphone" rel="nofollow">Twitter for iPhone</a>	“ kawtharoff ١ Hit me and bey sbqy"ny and complains ٢ Allyl Idea In my pain New Allyl example Idea In the fire ٣ Irregular in eye his mother is deer ٤	“ kawtharoff ١ Hit me Bey sbqy"ny Complained ٢ Allyl Idea In my pain New Like Allyl Idea In the fire ٣ Irregular In eye His mother Deer ٤	None	kawtharoff	None	None	jabriya kuwait	Maitham Mandani	MaithamMandani	Arabic	English,Farsi	2013-01-08	\N	\N	0.136363636364	48.03157383	29.32072332
167020295411081217	@rnoo_21 @a7maad92 لايسهر الليل الا من بهِ المُ ،، اعترفي وش المتس 😏	2012-02-07 23:01:56	0	0101000020E6100000AAA2F45C91F54540F5BF3B7D2D683A40	None	@rnoo_21 @A7maad92	167019968758693890	325554531	rnoo_21	None	None	None	None	None	None	None	None	None	رجل شرقي كلاسيكي جداً،فنان شعبي،اصلع وعندي شيخوخه مبكره! عمري22 قابل للزياده،, بربرتي واجده اسولف حتى وانا نايم،، ودي اتزوج يارا،،	208218419	New bb pin 28FA41E8	عمر ،،،	i_Omar9	@rnoo_21 @a7maad92 لايسهر الليل الا من بهِ المُ ،، اعترفي وش المتس 😏 none @rnoo_21 @a7maad92 none عمر ،،، none رجل شرقي كلاسيكي جداً،فنان شعبي،اصلع وعندي شيخوخه مبكره! عمري22 قابل للزياده،, بربرتي واجده اسولف حتى وانا نايم،، ودي اتزوج يارا،، i_omar9	<a href="http://twitter.com/#!/download/ipad" rel="nofollow">Twitter for iPad</a>	\N	\N	\N	\N	\N	\N	\N	\N	\N	\N	\N	\N	\N	\N	\N	43.91849863	26.40694411
167347562926456832	I'm at Kuwait International Airport (KWI) w/ @almuzayen http://t.co/sk89hyf6	2012-02-08 20:42:22	0	0101000020E6100000840C05E84EFC47402B6C827F7C3D3D40	None	@almuzayen	0	0	None	http://4sq.com/Aj0hW4	None	None	None	None	None	None	None	None	short brief: crazy, love 2 do all activity without exceptions street racing my best so thats me  Live ur life like there is no tomorrow. Capricorn	232681124	Kuwait - Cancún	NYF H. Alayyar	NyFir	i'm at kuwait international airport (kwi) w/ @almuzayen http://t.co/sk89hyf6 none @almuzayen none nyf h. alayyar none short brief: crazy, love 2 do all activity without exceptions street racing my best so thats me  live ur life like there is no tomorrow. capricorn nyfir	<a href="http://foursquare.com" rel="nofollow">foursquare</a>	And " m at Kuwait International Airport KWI in almuzayen http t co sk89hyf6	And " m at Kuwait International Airport KWI in almuzayen http t co sk89hyf6	None	almuzayen	None	short brief crazy love 2 of all activity without exceptions street racing my best so thats me  Live ur life like there is no tomorrow Capricorn	Kuwait - Cancún	NYF H Alayyar	NyFir	English	Polish	2012-12-23	\N	\N	0	47.97115803	29.24018094
167347551081730048	The motto of #Capricorn: I work hard, live hard, now love me for all I do.	2012-02-08 20:42:20	0	0101000020E6100000932096AC0EB04B4005B88BF6994C3940	#Capricorn	None	0	0	None	None	None	None	None	None	None	None	None	None	DA CHAMP IS HERE !!!	114718779	Dubai, U.A.E	Mikhail Fernandes	ceomikhail	the motto of #capricorn: i work hard, live hard, now love me for all i do. #capricorn none none mikhail fernandes none da champ is here !!! ceomikhail	<a href="http://twitter.com/#!/download/iphone" rel="nofollow">Twitter for iPhone</a>	The slogan of Capricorn I work hard live hard now love me for all I of	The slogan of Capricorn I work hard live hard now love me for all I of	Capricorn	None	None	OF FIELD IS HERE	Dubai In A And	Mikhail Fernandes	ceomikhail	English	German,Portuguese	2012-12-23	\N	\N	-0.14898989899	55.37544782	25.29922429
167347532974927872	@hamhomy خسئت أنت ومن على شاكلتك يا عبد الشيطان	2012-02-08 20:42:15	0	0101000020E610000059C4B0C318DC4740A50E97C1BD513D40	None	@hamhomy	0	0	None	None	None	None	None	None	None	None	None	None	سياسي محنك ينتمي إلى قبيلة مطير من أهدافي تحقيق الكونفدرالية الأسلامية ونصرة الشعب السوري ودعم وإظهار الحق وهداية وزهق الباطل ومحي الملحدين من الوجود	449940429	Q8	مرزوق الصعيري	Marzoog_305	@hamhomy خسئت أنت ومن على شاكلتك يا عبد الشيطان none @hamhomy none مرزوق الصعيري none سياسي محنك ينتمي إلى قبيلة مطير من أهدافي تحقيق الكونفدرالية الأسلامية ونصرة الشعب السوري ودعم وإظهار الحق وهداية وزهق الباطل ومحي الملحدين من الوجود marzoog_305	<a href="http://twitter.com/#!/download/iphone" rel="nofollow">Twitter for iPhone</a>	hamhomy xsy"t you and blessing on resembled you Or The devil worshipped	hamhomy xsy"t You From On Resembled you Or Worshipped The devil	None	hamhomy	None	Politician Experienced Belongs To Tribe Rainy From My goals Investigation The confederate aal"aslaamyt Victory people The walls Supporting Exposure Followed whdaayt wzhq Invalid Yolks The atheists From The presence	Q8	Marzouk aalSe"yry	Marzoog_305	Arabic	English,Farsi	2012-12-23	\N	\N	0	47.71950575	29.3193017
167347531280416769	I don't miss you. I don't miss you. I don't miss you. I don't miss you. I don't miss you. Who am I kidding, I MISS YOU LIKE CRAZY....”	2012-02-08 20:42:15	0	0101000020E6100000DABD47C3CA0A48406540ACEDDC4A3D40	None	None	0	0	None	None	None	None	None	None	None	None	None	None	None	275695339	None	q8eng	q8eng00	i don't miss you. i don't miss you. i don't miss you. i don't miss you. i don't miss you. who am i kidding, i miss you like crazy....” none none none q8eng none none q8eng00	<a href="http://twitter.com/#!/download/iphone" rel="nofollow">Twitter for iPhone</a>	I don"t miss you I don"t miss you I don"t miss you I don"t miss you I don"t miss you Who to I kidding I MISS YOU LIKE CRAZY ”	I don"t miss you I don"t miss you I don"t miss you I don"t miss you I don"t miss you Who to I kidding I MISS YOU LIKE CRAZY ”	None	None	None	None	None	q8eng	q8eng00	English	German	2012-12-23	\N	\N	-0.3	48.08431283	29.2924336
166967290481483777	עצבים רופפים	2012-02-07 19:31:18	0	0101000020E6100000B5673B4B356441409EC9A3C0A7024040	None	None	0	0	None	None	None	None	None	None	None	None	None	None		254759374		tal moskona	talmoskona	עצבים רופפים none none none tal moskona none talmoskona	<a href="http://mobileways.de/gravity" rel="nofollow">Gravity!</a>	\N	\N	\N	\N	\N	\N	\N	\N	\N	\N	\N	\N	\N	\N	\N	34.7828764	32.0207444
167020293502681090	برب ، دخلت المسجد النبوي الشريف .. \nاستودعكم خالقكم	2012-02-07 23:01:55	0	0101000020E6100000EE1162150CCE4340E9BD4AA1A0773840	None	None	0	0	None	None	None	None	None	None	None	None	None	None	انسان بسيط وفقير ومُحِب،وسطي في الدين والدنيا وضد التَزمُتْ بكافة انواعة,اعمل بمجال التوظيف بكبرى الشركات الغذائية بالمملكة واشجع العميد،سنرحل جميعنا فسامحوني	116523402	Riyadh	MisyarAlotaibiفإجازة	Misyar_Alotaibi	برب ، دخلت المسجد النبوي الشريف .. استودعكم خالقكم none none none misyaralotaibiفإجازة none انسان بسيط وفقير ومُحِب،وسطي في الدين والدنيا وضد التَزمُتْ بكافة انواعة,اعمل بمجال التوظيف بكبرى الشركات الغذائية بالمملكة واشجع العميد،سنرحل جميعنا فسامحوني misyar_alotaibi	<a href="http://twitter.com/#!/download/iphone" rel="nofollow">Twitter for iPhone</a>	\N	\N	\N	\N	\N	\N	\N	\N	\N	\N	\N	\N	\N	\N	\N	39.60974376	24.46729477
